"Variables ->","cgdhlnlwny","","","dscnnwmkrt","","ewznwpefkt","","","dayhhimqav","","","","","","fcufkofqmd","cqddcdefii","","","yqyexuplgt","","","ancuzbyaru","","","","","","","","","pbxuhozsvl","","hxvkmsvpoi","","","","","","","","","lghldmsgub","xpiwlxanse","olhnttotqd","","zwnhtgyqpe","","","abuljujnsw","","","","","","jtyooibecm","","","","","","axkatedpgi","","","","hkwpzfvrgm","","","","","","tjyavqoqsc","sullmhrxxt","","","cuqbbducgg","","","","","","","","","giksdwcmat","","","idnwjsqlmy","","wcjpprqldt","","","","","","fowdwxfcmv","","","","wbzxolisaj","","","","gwsjggtbrq","","","","","","zewaitqeyo","","","","","","reoypvzxfa","","dnsyttkgnf","","","","","","ddeclrvusm","","","","","","hudnpsjsxb","","","","","","lpiekxfjic","","","","","","","","","nxfwcmavee","","","cetbbmwzao","","","","","","","","","qbjegbxujv","","","","ynqsaobkma","","","","","","apkgqicnew","","","","","","","","","htcuungbqa","","gmwhpaevfv","","","vlqvhkolct","","dxhmurdsdy","","","","","","bscqeqmhvv","","awuirhyhet","","","","","","buvttymuky","","","","","","rsonwklfto","","","shlbkjhvlu","fwfvwnmxbn","","","oosuxduead","","","brmhnsviii","","","","","","","","","hsrkmyytkb","","","","bnxkhgfjpg","","","oaslrtuauo","nhgxxpjprx","","","","zwpaimcoil","mpxjflhlqn","","","ktdvxutkso","","","","","","cdrqjekukt","","","","","","lwwjqwabjd","","","ruugxpainq","","","ifmavgrurq","","","","","","zfvmpboqmb","","","jspckybjgf","","","","","","eltqihcesc","","ypaxrbzivl","","","","jbbbbaztta","","","jqbgwlamvw","","","nzlgmeegtp","","","","","","mhlhhdemcy","","","wtqhivkcwl","","gwcvlxnwjk","","","xcdwasvdmj","","","znxmxadtkk","","mqrfunlsog","","","","","","qwunttlwmy","cppnlzeoqa","","","","","","burfatorqt","","jdjqyctbtm","","","afnaohswai","qicwpheibq","","","qshkjcbdrf","","","xuchxcuctr","","","fadjwlqkvt","","wafwfiiuov","","mxmyssaokq","","muhzzcigft","ukwlmllsct","","efwmeswuvn","","","","","","kknoywmwkb","","ificqjxlxf","","","","","","metuhngfvb","","","","","","tcxcuwlpjt","","","","","","cyjtuupitm","","","","zvvyertvri","yyzssjbloo","","","","","","kwrgewiikt","","","","","","hhjwcfhjsx","bbglhryuqt","","","","","","rptqnypqsw","","","","","","jxxlgoewge",""
"Comments ->","","","","","","","","","","","","","","","","","","","","","","","","","","","","","","","","","","","","","","","","","","","","","","","","","","","","","","","","","","","","","","","","","","","","","","","","","","","","","","","","","","","","","","","","","","","","","","","","","","","","","","","","","","","","","","","","","","","","","","","","","","","","","","","","","","","","","","","","","","","","","","","","","","","","","","","","","","","","","","","","","","","","","","","","","","","","","","","","","","","","","","","","","","","","","","","","","","","","","","","","","","","","","","","","","","","","","","","","","","","","","","","","","","","","","","","","","","","","","","","","","","","","","","","","","","","","","","","","","","","","","","","","","","","","","","","","","","","","","","","","","","","","","","","","","","","","","","","","","","","","","","","","","","","","","","","","","","","","","","","","","","","","","","","","","","","","","","","","","","","","","","","","","","","","","","","","","","","","","","","","","","","","","","","","","","","","","","","","","","","","","","","","","","","","","","","","","","",""
"Class[Size] ->","Series[29-by-3]","","","Series[29-by-2]","","Series[29-by-3]","","","Series[29-by-3-by-2]","","","","","","Series[29-by-1]","Series[29-by-1-by-3]","","","Series[29-by-1-by-3]","","","Series[29-by-3-by-3]","","","","","","","","","Series[29-by-2]","","Series[29-by-3-by-3]","","","","","","","","","Series[29-by-1]","Series[29-by-1]","Series[29-by-2]","","Series[29-by-1-by-3]","","","Series[29-by-2-by-3]","","","","","","Series[29-by-3-by-2]","","","","","","Series[29-by-2-by-2]","","","","Series[29-by-2-by-3]","","","","","","Series[29-by-1]","Series[29-by-3]","","","Series[29-by-3-by-3]","","","","","","","","","Series[29-by-1-by-3]","","","Series[29-by-1-by-2]","","Series[29-by-2-by-3]","","","","","","Series[29-by-2-by-2]","","","","Series[29-by-2-by-2]","","","","Series[29-by-3-by-2]","","","","","","Series[29-by-2-by-3]","","","","","","Series[29-by-1-by-2]","","Series[29-by-2-by-3]","","","","","","Series[29-by-3-by-2]","","","","","","Series[29-by-3-by-2]","","","","","","Series[29-by-3-by-3]","","","","","","","","","Series[29-by-3]","","","Series[29-by-3-by-3]","","","","","","","","","Series[29-by-2-by-2]","","","","Series[29-by-3-by-2]","","","","","","Series[29-by-3-by-3]","","","","","","","","","Series[29-by-1-by-2]","","Series[29-by-3]","","","Series[29-by-2]","","Series[29-by-2-by-3]","","","","","","Series[29-by-1-by-2]","","Series[29-by-2-by-3]","","","","","","Series[29-by-3-by-2]","","","","","","Series[29-by-3]","","","Series[29-by-1]","Series[29-by-3]","","","Series[29-by-1-by-3]","","","Series[29-by-3-by-3]","","","","","","","","","Series[29-by-2-by-2]","","","","Series[29-by-3]","","","Series[29-by-1]","Series[29-by-2-by-2]","","","","Series[29-by-1]","Series[29-by-3]","","","Series[29-by-2-by-3]","","","","","","Series[29-by-2-by-3]","","","","","","Series[29-by-3]","","","Series[29-by-3]","","","Series[29-by-2-by-3]","","","","","","Series[29-by-1-by-3]","","","Series[29-by-3-by-2]","","","","","","Series[29-by-2]","","Series[29-by-2-by-2]","","","","Series[29-by-1-by-3]","","","Series[29-by-1-by-3]","","","Series[29-by-3-by-2]","","","","","","Series[29-by-1-by-3]","","","Series[29-by-1-by-2]","","Series[29-by-3]","","","Series[29-by-1-by-3]","","","Series[29-by-1-by-2]","","Series[29-by-2-by-3]","","","","","","Series[29-by-1]","Series[29-by-3-by-2]","","","","","","Series[29-by-2]","","Series[29-by-3]","","","Series[29-by-1]","Series[29-by-3]","","","Series[29-by-1-by-3]","","","Series[29-by-3]","","","Series[29-by-1-by-2]","","Series[29-by-1-by-2]","","Series[29-by-1-by-2]","","Series[29-by-1]","Series[29-by-2]","","Series[29-by-2-by-3]","","","","","","Series[29-by-1-by-2]","","Series[29-by-3-by-2]","","","","","","Series[29-by-3-by-2]","","","","","","Series[29-by-2-by-3]","","","","","","Series[29-by-2-by-2]","","","","Series[29-by-1]","Series[29-by-2-by-3]","","","","","","Series[29-by-3-by-2]","","","","","","Series[29-by-1]","Series[29-by-2-by-3]","","","","","","Series[29-by-3-by-2]","","","","","","Series[29-by-1-by-2]",""
".Source","pllrujrkvvgppowgidyq","","","","","fdebqhosmnldmwwhfoqk","","","","","","","","","","dahiqyylgttttcrmfcve","","","bsjrjqaxutvjqonhglfu","","","zbzerprjqvaczqgkdggi","","","","","","","","","wjpwyrfrbkryvmtkzzwk","","","","","","","","","","","eaylztarsqofufjxwkip","","ykhdkjdlcpaouglobmqf","","","","","","","","","","","kevqtubymttvelqyvxpp","","","","","","jtxgdfjhybpevenzjbfk","","","","hwltpuczwbmiqfppplan","","","","","","","","","","ctivjvedwbrtljzkleii","","","","","","","","","hsjoxvxyvaacgalioyhi","","","","","fjamizowkmvznytozvyq","","","","","","dbsirqnsnmmykdgrvzft","","","","ixxuyenqxrktvpcxbndj","","","","","","","","","","","","","","","","qjiowfrxfhmxnhnokasn","","","","","","","","","","","","","","txmevmdwqcxabzrjntbs","","","","","","chwomlurrelnjmiujsms","","","","","","","","","","","","","","","","","","","","","","","","","ixvaqugbgcmkjxkhbfga","","","","","","raskaksxzzxwuokdrwhv","","","","","","","","","bkzusttvuzckmgazsdds","","","","","","","iuzpusqrynkrldlokktn","","","","","","vvmtxxfouftmpgchxmht","","lmudbqadsnovunhdxzyq","","","","","","irlluvtunoqcgqhtgbho","","","","","","","","","jilgareukittedeqvnes","jklrmyjixotdlbrsxrrw","","","itkbkmvhvobgpmfguqds","","","eqdcrazojsyjspupjwfu","","","","","","","","","oxcglpxfzlunilsxxddx","","","","qjjbwlcxhprfyrowoamv","","","","","","","","","fqufxtnzofwwiivmbulh","","","nhsucffqsvafmjibtkro","","","","","","povhrpriiechjnzasxwd","","","","","","","","","","","","","","","","","","qcrjrhrkkfsvynfpfkwl","","","ynhfyrsrupnwkghxswjq","","","","","","tpqmfdqurmypfritzhys","","","","","","yjvblbiywenhxcuesgff","","","","","","","","","","","","","","","","","ypztenqwpzdhmdferiuo","","","smvlwazhadmxhuetgcwr","","","","","","","","","","","rxjcumrrkrqnentktryi","","","","","","","","","viwgupasarwlqpfuhyhn","","","nbfdzbbridqtuglkpuyd","","","","cwximaimgrxogybqynyh","","","asfgyeubizgdpqwxbtwm","","","nbacpbrobgjdtlarwdvg","","llpdpdclhynlimueaspk","","aenvhebygqfgtevczqhw","","mzohdeglklplaakzoxih","phcjfqulqhmivtdbntvs","","rzgqzmhpododgnvsnxym","","","","","","hqfrfcxokcocgdijyxub","","","","","","","","","","","","","","dnoqfiippreqtkkrgydn","","","","","","ljsyftntwgyaoxeliovk","","","","lixmsrvgukbwzdntcald","plkbggsrddctovcgbrhs","","","","","","orrjygtkvjsiwtlkjljb","","","","","","vgnunhwbsxmmdzwmkdya","eyckhbfkhsgyheoulzlh","","","","","","nxcqckscvqxqkqmcqymp","","","","","","",""
".Description","qoqosnzfccbkljtquyze","","","","","yccdeqobystbwyzwunek","","","scdqiqtptgtzwcjjrpuj","","","","","","tkharllpbiusddcalrsn","rxnsdyoravtdniokkega","","","","","","jdwcykbituorxbhbfssw","","","","","","","","","guwxopdxlfxtwhrrdkhs","","vnorjgpwkclhkvkkjdgc","","","","","","","","","","","","","ybphvelkvrfidroedmxo","","","","","","","","","","","","","","","fyrzlyapugytvouifipv","","","","cllouswbflyulibtnfle","","","","","","ynybfuxuhdwuhfivvooh","","","","","","","","","","","","","","","","aqgnspplglapycaxgavd","","mxaemobrxclhzpgdovvv","","","","","","knmqthcvkuecxwzwaozn","","","","","","","","kwsgthhajlhhgywkmomh","","","","","","","","","","","","bjgfvkbjuexiiftbyehr","","lnnwrunybohmrfpiwdcy","","","","","","","","","","","","","","","","","","","","","","","","","","","rqfeedfyayazhnwxeryz","","","snfrbebxvdkdoygzjfrz","","","","","","","","","jrjwhdrfwtkadhwpihlx","","","","","","","","","","jgdqiymtapourwxdfubk","","","","","","","","","bkduyaqrgvhacusuqvak","","gunorcwycvxanqkqtoqh","","","qscnxggvmdfrohqshkju","","cglqszycyezpgbhvbjde","","","","","","","","beasdquojvhiungtexfc","","","","","","","","","","","","","","","","luveabdeqamrcgheiuhu","","","mskabplycjocxqxqaicq","","","","","","","","","","","","","","","","","","","pjsngmwsfejwrqdcwkml","bicejbsqebkmfwpaxlbc","","","","","jubswhrgqbzpjawpwnax","","","hzyjqovybxoffsppzpce","","","","","","","","","","","","hqhiekxxkrgyqfcohbeb","","","bvjrxhzvurokvpuzuwmw","","","","","","","","","","","","xmntiqiiqlcgzsriaoag","","","","","","gymwuaurwpqcfalihmey","","","","","","","","","","","","","","","","","","ysdwyoklsgayzuzmdmtr","","","zpgnsgcofiziykaiezlo","","rbozjoygvewhwuezguvm","","","","","","euxdyalagssgicbtinyr","","vzkbuqnoitiwiuubkzki","","","","","","kaqojkmifddymtiaqjqv","gjlnoihsypptjlnylqlo","","","","","","emovfnvjosfqanoaxvuu","","gocdcivnwzifnjwgvpsi","","","jzixgfzyqnjtuabiuqze","owzujngncbqqcpowqhcb","","","xfvdlwsmpcgawaodpqti","","","cfukvdtdvoybyjbzqkpj","","","nyuksmlypusdskdqmbni","","","","txqsmtafceywdrbdeqww","","","","","ymwfcdomjtlsyvbzxqaz","","","","","","kkzgcubyuytpzomgfmsz","","","","","","","","hkqxkszlqxwdfqugjile","","","","","","iiyfmlvauobnlmrntyul","","","","","","","","","","","nbcmspfqsiuegpwvpayu","","","","","","phkcmhawfreznxsmpjnu","","","","","","ibdsmigleigvsiphggrn","yfkfhkzxopcoxmkcqzrl","","","","","","freufesgeqggvkcfjwpg","","","","","","",""
"2001Q2",NaN,NaN,NaN,NaN,NaN,NaN,NaN,NaN,NaN,NaN,NaN,NaN,NaN,NaN,NaN,NaN,NaN,NaN,NaN,NaN,NaN,NaN,NaN,NaN,NaN,NaN,NaN,NaN,NaN,NaN,NaN,NaN,NaN,NaN,NaN,NaN,NaN,NaN,NaN,NaN,NaN,0.00,NaN,NaN,NaN,0.91,0.06,0.11,NaN,NaN,NaN,NaN,NaN,NaN,NaN,NaN,NaN,NaN,NaN,NaN,NaN,NaN,NaN,NaN,0.11,0.28,0.26,0.97,0.99,0.26,NaN,0.12,0.98,0.58,NaN,NaN,NaN,NaN,NaN,NaN,NaN,NaN,NaN,NaN,NaN,NaN,NaN,NaN,NaN,NaN,NaN,NaN,NaN,NaN,NaN,NaN,NaN,NaN,NaN,NaN,NaN,NaN,NaN,NaN,NaN,NaN,NaN,NaN,NaN,NaN,NaN,NaN,NaN,NaN,NaN,NaN,NaN,NaN,NaN,NaN,NaN,NaN,NaN,NaN,NaN,NaN,NaN,NaN,NaN,NaN,NaN,NaN,NaN,NaN,NaN,NaN,NaN,NaN,NaN,NaN,NaN,NaN,NaN,NaN,NaN,NaN,NaN,NaN,NaN,NaN,NaN,NaN,NaN,NaN,NaN,NaN,NaN,NaN,NaN,NaN,NaN,NaN,NaN,NaN,NaN,NaN,NaN,NaN,NaN,NaN,NaN,NaN,NaN,NaN,NaN,NaN,NaN,NaN,NaN,NaN,NaN,NaN,NaN,NaN,NaN,NaN,NaN,NaN,NaN,NaN,NaN,NaN,NaN,NaN,NaN,NaN,NaN,NaN,NaN,NaN,NaN,NaN,NaN,NaN,NaN,NaN,NaN,NaN,NaN,NaN,NaN,NaN,NaN,NaN,NaN,NaN,NaN,NaN,NaN,NaN,NaN,NaN,NaN,NaN,NaN,NaN,NaN,NaN,NaN,NaN,NaN,NaN,NaN,NaN,NaN,NaN,NaN,NaN,NaN,NaN,NaN,NaN,NaN,NaN,NaN,NaN,NaN,NaN,NaN,NaN,NaN,NaN,NaN,NaN,NaN,NaN,NaN,NaN,NaN,NaN,NaN,NaN,NaN,NaN,NaN,NaN,NaN,NaN,NaN,NaN,NaN,NaN,NaN,NaN,NaN,NaN,NaN,NaN,NaN,NaN,NaN,NaN,NaN,NaN,NaN,NaN,NaN,NaN,NaN,NaN,0.37,0.80,NaN,NaN,NaN,NaN,NaN,NaN,NaN,NaN,0.59,0.45,0.69,0.79,0.22,0.51,NaN,NaN,NaN,NaN,NaN,NaN,NaN,NaN,NaN,NaN,NaN,NaN,NaN,NaN,NaN,NaN,NaN,NaN,NaN,0.02,0.98,0.96,0.38,0.99,NaN,NaN,NaN,NaN,0.89,NaN,NaN,0.22,0.49,0.11,0.17,0.35,0.75,0.49,0.23,0.59,0.44,0.60,0.60,0.89,0.49,NaN,NaN,NaN,NaN,NaN,NaN,NaN,NaN,NaN,NaN,NaN,NaN,NaN,NaN,NaN,NaN,0.84,NaN,NaN,NaN,NaN,NaN,NaN,NaN,NaN,NaN,NaN,NaN,NaN,NaN,NaN,NaN,NaN,NaN,NaN,NaN,NaN,NaN,NaN,NaN,NaN,NaN,NaN,NaN
"2001Q3",NaN,NaN,NaN,NaN,NaN,0.53,0.87,0.89,NaN,NaN,NaN,NaN,NaN,NaN,NaN,NaN,NaN,NaN,NaN,NaN,NaN,NaN,NaN,NaN,NaN,NaN,NaN,NaN,NaN,NaN,NaN,NaN,NaN,NaN,NaN,NaN,NaN,NaN,NaN,NaN,NaN,0.19,0.40,0.15,0.06,0.70,0.73,0.27,NaN,NaN,NaN,NaN,NaN,NaN,NaN,NaN,NaN,NaN,NaN,NaN,NaN,NaN,NaN,NaN,0.82,0.62,0.45,0.64,0.40,0.96,NaN,0.19,0.04,0.70,NaN,NaN,NaN,NaN,NaN,NaN,NaN,NaN,NaN,NaN,NaN,NaN,NaN,NaN,NaN,NaN,NaN,NaN,NaN,NaN,NaN,NaN,NaN,NaN,NaN,NaN,NaN,NaN,NaN,NaN,NaN,NaN,NaN,NaN,NaN,NaN,NaN,NaN,NaN,NaN,NaN,NaN,NaN,NaN,NaN,NaN,NaN,NaN,NaN,NaN,NaN,NaN,NaN,NaN,NaN,NaN,NaN,NaN,NaN,NaN,NaN,NaN,NaN,NaN,NaN,NaN,NaN,NaN,NaN,NaN,NaN,NaN,NaN,NaN,NaN,NaN,NaN,NaN,NaN,NaN,NaN,NaN,NaN,NaN,NaN,NaN,NaN,NaN,NaN,NaN,NaN,NaN,NaN,NaN,NaN,NaN,NaN,NaN,NaN,NaN,NaN,NaN,NaN,NaN,NaN,NaN,NaN,NaN,NaN,NaN,NaN,NaN,NaN,NaN,NaN,NaN,NaN,NaN,NaN,NaN,NaN,NaN,NaN,NaN,NaN,NaN,NaN,NaN,NaN,NaN,NaN,NaN,NaN,NaN,NaN,NaN,NaN,NaN,NaN,NaN,NaN,NaN,NaN,NaN,NaN,NaN,NaN,NaN,NaN,NaN,NaN,NaN,NaN,NaN,NaN,NaN,NaN,NaN,NaN,NaN,NaN,NaN,NaN,NaN,NaN,NaN,NaN,NaN,NaN,NaN,NaN,NaN,NaN,NaN,NaN,NaN,NaN,NaN,NaN,NaN,0.24,0.59,0.62,0.95,0.72,0.03,NaN,NaN,NaN,NaN,NaN,NaN,NaN,NaN,NaN,NaN,NaN,0.18,0.64,0.06,0.20,NaN,NaN,NaN,NaN,NaN,NaN,NaN,NaN,NaN,NaN,NaN,NaN,0.67,0.53,0.46,0.38,0.85,NaN,NaN,NaN,NaN,NaN,NaN,NaN,NaN,0.53,0.56,0.32,0.14,0.91,0.39,NaN,NaN,NaN,NaN,NaN,NaN,NaN,NaN,NaN,NaN,NaN,NaN,NaN,NaN,NaN,NaN,NaN,NaN,NaN,0.83,0.52,0.50,0.11,0.90,NaN,NaN,0.86,0.72,0.95,NaN,NaN,0.72,0.12,0.92,0.93,0.55,0.65,0.71,0.54,0.09,0.03,0.72,0.86,0.44,0.31,NaN,NaN,NaN,NaN,NaN,NaN,NaN,NaN,NaN,NaN,NaN,NaN,NaN,NaN,NaN,NaN,0.90,NaN,NaN,NaN,NaN,NaN,NaN,NaN,NaN,NaN,NaN,NaN,NaN,NaN,NaN,NaN,NaN,NaN,NaN,NaN,NaN,NaN,NaN,NaN,NaN,NaN,NaN,NaN
"2001Q4",0.68,0.46,0.92,NaN,NaN,0.09,0.61,0.98,NaN,NaN,NaN,NaN,NaN,NaN,0.24,NaN,NaN,NaN,NaN,NaN,NaN,NaN,NaN,NaN,NaN,NaN,NaN,NaN,NaN,NaN,NaN,NaN,NaN,NaN,NaN,NaN,NaN,NaN,NaN,NaN,NaN,0.14,0.55,0.20,0.45,0.73,0.56,0.52,NaN,NaN,NaN,NaN,NaN,NaN,NaN,NaN,NaN,NaN,NaN,NaN,NaN,NaN,NaN,NaN,0.84,0.59,0.84,0.86,0.66,0.54,NaN,0.15,0.33,0.03,NaN,NaN,NaN,NaN,NaN,NaN,NaN,NaN,NaN,NaN,NaN,NaN,NaN,NaN,NaN,NaN,NaN,NaN,NaN,NaN,NaN,NaN,NaN,NaN,NaN,NaN,NaN,NaN,NaN,NaN,NaN,NaN,NaN,NaN,NaN,NaN,NaN,NaN,NaN,NaN,NaN,NaN,NaN,NaN,NaN,NaN,NaN,NaN,NaN,NaN,NaN,NaN,NaN,NaN,NaN,NaN,NaN,NaN,NaN,NaN,NaN,NaN,NaN,NaN,NaN,NaN,NaN,NaN,NaN,0.30,0.95,0.86,NaN,NaN,NaN,NaN,NaN,NaN,NaN,NaN,NaN,NaN,NaN,NaN,NaN,NaN,NaN,NaN,NaN,NaN,NaN,NaN,NaN,NaN,NaN,NaN,NaN,NaN,NaN,NaN,NaN,NaN,NaN,NaN,NaN,NaN,NaN,NaN,NaN,NaN,NaN,NaN,NaN,0.01,0.10,0.31,0.19,0.56,0.55,0.85,0.76,NaN,NaN,NaN,NaN,NaN,NaN,NaN,NaN,NaN,0.05,NaN,NaN,NaN,NaN,NaN,NaN,NaN,NaN,NaN,NaN,NaN,NaN,NaN,NaN,NaN,NaN,NaN,NaN,NaN,NaN,NaN,NaN,NaN,0.62,0.65,0.63,0.93,NaN,NaN,NaN,NaN,NaN,NaN,NaN,NaN,NaN,NaN,NaN,NaN,NaN,NaN,NaN,NaN,NaN,NaN,NaN,NaN,NaN,NaN,0.21,0.04,0.09,0.84,0.80,0.84,NaN,NaN,NaN,NaN,NaN,NaN,NaN,NaN,NaN,NaN,NaN,0.59,0.89,0.12,0.49,NaN,NaN,NaN,NaN,NaN,NaN,NaN,NaN,NaN,NaN,NaN,NaN,0.36,0.63,0.52,0.44,0.12,NaN,NaN,NaN,NaN,NaN,NaN,NaN,NaN,0.47,0.23,0.83,0.61,0.37,0.98,0.13,0.44,0.68,0.68,0.10,0.21,0.03,NaN,NaN,NaN,NaN,NaN,NaN,NaN,NaN,NaN,0.56,0.15,0.34,0.47,0.51,0.43,0.62,0.74,NaN,NaN,0.00,0.82,0.52,NaN,NaN,0.86,0.14,0.43,0.21,0.13,0.88,0.37,0.31,0.25,0.05,0.44,0.68,0.75,0.76,NaN,NaN,NaN,NaN,NaN,NaN,NaN,NaN,NaN,NaN,NaN,NaN,NaN,NaN,NaN,NaN,0.45,NaN,NaN,NaN,NaN,NaN,NaN,NaN,NaN,NaN,NaN,NaN,NaN,NaN,NaN,NaN,NaN,NaN,NaN,NaN,NaN,NaN,NaN,NaN,NaN,NaN,0.82,0.14
"2002Q1",0.29,0.42,0.27,NaN,NaN,0.11,0.99,0.77,NaN,NaN,NaN,NaN,NaN,NaN,0.53,NaN,NaN,NaN,NaN,NaN,NaN,0.63,0.66,0.97,0.38,0.49,0.05,0.73,0.69,0.35,NaN,NaN,NaN,NaN,NaN,NaN,NaN,NaN,NaN,NaN,NaN,0.27,0.05,0.67,0.58,0.23,0.53,0.97,NaN,NaN,NaN,NaN,NaN,NaN,NaN,NaN,NaN,NaN,NaN,NaN,NaN,NaN,NaN,NaN,0.35,0.96,0.20,0.40,0.90,0.03,NaN,0.59,0.97,0.53,NaN,NaN,NaN,NaN,NaN,NaN,NaN,NaN,NaN,NaN,NaN,NaN,NaN,NaN,NaN,NaN,NaN,NaN,NaN,NaN,NaN,NaN,NaN,NaN,NaN,NaN,NaN,NaN,NaN,NaN,NaN,NaN,NaN,NaN,NaN,NaN,NaN,NaN,NaN,NaN,NaN,NaN,NaN,NaN,NaN,NaN,NaN,NaN,NaN,NaN,NaN,NaN,NaN,NaN,NaN,NaN,NaN,NaN,NaN,NaN,NaN,NaN,NaN,NaN,NaN,NaN,NaN,NaN,NaN,0.77,0.77,0.63,0.88,0.64,0.83,0.56,0.21,0.92,0.38,0.50,0.59,NaN,NaN,NaN,NaN,NaN,NaN,NaN,NaN,NaN,NaN,NaN,NaN,NaN,NaN,NaN,NaN,NaN,NaN,NaN,0.67,0.54,NaN,NaN,NaN,0.98,0.89,NaN,NaN,NaN,NaN,NaN,NaN,0.11,0.60,0.08,0.65,0.27,0.61,0.26,0.57,NaN,NaN,NaN,NaN,NaN,NaN,NaN,NaN,NaN,0.64,NaN,NaN,NaN,NaN,NaN,NaN,NaN,NaN,NaN,NaN,NaN,NaN,NaN,NaN,NaN,NaN,NaN,NaN,NaN,0.73,0.70,0.90,NaN,0.56,0.54,0.30,0.09,NaN,0.40,0.98,0.31,NaN,NaN,NaN,NaN,NaN,NaN,NaN,NaN,NaN,NaN,NaN,NaN,0.82,0.45,0.15,NaN,NaN,NaN,0.27,0.42,0.38,0.94,0.59,0.77,NaN,NaN,NaN,NaN,NaN,NaN,NaN,NaN,NaN,NaN,NaN,0.15,0.25,0.63,0.73,0.97,0.86,0.86,0.44,0.43,0.30,NaN,NaN,NaN,NaN,NaN,NaN,0.09,0.65,0.34,0.52,0.66,NaN,NaN,NaN,NaN,NaN,NaN,NaN,NaN,0.32,0.14,0.66,0.93,0.08,0.29,0.53,0.08,0.93,0.75,0.97,0.04,0.93,NaN,NaN,0.12,0.22,0.75,NaN,NaN,NaN,NaN,0.55,0.49,0.06,0.11,0.33,0.57,0.62,0.66,NaN,NaN,0.13,0.76,0.02,NaN,NaN,0.47,0.95,0.43,0.02,0.08,0.51,0.94,0.71,0.59,0.24,0.65,0.78,0.91,0.95,NaN,NaN,NaN,NaN,NaN,NaN,NaN,NaN,NaN,NaN,NaN,NaN,NaN,NaN,NaN,NaN,0.99,0.63,0.76,0.94,0.68,0.91,0.79,NaN,NaN,NaN,NaN,NaN,NaN,NaN,NaN,NaN,NaN,NaN,NaN,NaN,NaN,NaN,NaN,NaN,NaN,NaN,0.80,0.30
"2002Q2",0.67,0.46,0.77,0.59,0.27,0.14,0.53,0.58,NaN,NaN,NaN,NaN,NaN,NaN,0.09,0.70,0.26,0.35,NaN,NaN,NaN,0.14,0.24,0.35,0.70,0.19,0.50,0.65,0.97,0.45,NaN,NaN,NaN,NaN,NaN,NaN,NaN,NaN,NaN,NaN,NaN,0.17,0.55,0.43,0.69,0.58,0.83,0.71,NaN,NaN,NaN,NaN,NaN,NaN,NaN,NaN,NaN,NaN,NaN,NaN,NaN,NaN,NaN,NaN,0.43,0.09,0.30,0.63,1.00,0.70,NaN,0.07,0.37,0.03,NaN,NaN,NaN,NaN,NaN,NaN,NaN,NaN,NaN,NaN,NaN,NaN,NaN,NaN,0.08,0.05,0.86,0.64,0.29,0.94,NaN,NaN,NaN,NaN,NaN,NaN,NaN,NaN,NaN,NaN,NaN,NaN,NaN,NaN,NaN,NaN,NaN,NaN,NaN,NaN,NaN,NaN,NaN,NaN,NaN,NaN,NaN,NaN,NaN,NaN,NaN,NaN,NaN,NaN,NaN,NaN,NaN,NaN,NaN,NaN,NaN,NaN,NaN,NaN,NaN,NaN,NaN,NaN,NaN,0.50,0.75,0.18,0.75,0.81,0.26,0.72,0.04,0.64,0.21,0.57,0.91,NaN,NaN,NaN,NaN,NaN,NaN,NaN,NaN,NaN,NaN,NaN,NaN,NaN,NaN,NaN,NaN,NaN,NaN,NaN,0.86,0.33,NaN,NaN,NaN,0.52,0.21,NaN,NaN,NaN,NaN,NaN,NaN,0.11,0.81,0.79,0.00,0.13,0.86,0.29,0.65,0.35,0.93,0.41,0.20,0.64,0.94,NaN,NaN,NaN,0.42,NaN,NaN,NaN,NaN,NaN,NaN,NaN,NaN,NaN,NaN,NaN,NaN,NaN,NaN,NaN,NaN,NaN,NaN,NaN,0.65,0.95,0.54,NaN,0.23,0.23,0.62,0.33,NaN,0.52,0.65,0.06,NaN,NaN,NaN,NaN,NaN,NaN,NaN,NaN,NaN,NaN,NaN,NaN,0.17,0.45,0.07,NaN,NaN,NaN,0.78,0.52,0.19,0.97,0.10,0.51,NaN,NaN,NaN,NaN,NaN,NaN,NaN,NaN,NaN,NaN,NaN,0.45,0.29,0.37,0.95,0.99,0.79,0.67,0.51,0.03,0.57,0.45,0.55,0.41,0.17,0.04,0.82,0.01,0.19,0.33,0.30,0.75,NaN,NaN,NaN,NaN,NaN,NaN,NaN,NaN,0.43,0.68,0.59,0.64,0.03,0.59,0.06,0.58,0.83,0.01,0.74,0.66,0.48,NaN,NaN,0.27,0.63,0.58,NaN,NaN,NaN,NaN,0.74,0.07,0.61,0.09,0.20,0.61,0.91,0.73,NaN,NaN,0.78,0.12,0.42,0.59,0.66,0.46,0.63,0.03,0.60,0.29,0.38,0.27,0.59,0.52,0.13,0.18,0.54,0.37,0.65,NaN,NaN,NaN,NaN,NaN,NaN,NaN,NaN,NaN,NaN,NaN,NaN,NaN,NaN,NaN,NaN,0.03,0.88,0.46,0.30,0.82,0.46,0.19,0.82,0.69,0.04,0.93,0.20,0.91,0.19,NaN,NaN,NaN,NaN,NaN,NaN,NaN,NaN,NaN,NaN,NaN,NaN,0.02,0.76
"2002Q3",0.70,0.77,0.19,0.26,0.20,0.68,0.48,0.93,NaN,NaN,NaN,NaN,NaN,NaN,0.41,0.56,0.40,0.69,NaN,NaN,NaN,0.22,0.30,0.89,0.73,0.90,0.43,0.83,0.33,0.24,NaN,NaN,NaN,NaN,NaN,NaN,NaN,NaN,NaN,NaN,NaN,0.14,0.27,0.69,0.72,0.81,0.86,0.31,0.08,0.50,0.50,1.00,0.02,0.40,NaN,NaN,NaN,NaN,NaN,NaN,NaN,NaN,NaN,NaN,0.57,0.50,0.48,0.99,0.65,0.52,NaN,0.82,0.31,0.83,NaN,NaN,NaN,NaN,NaN,NaN,NaN,NaN,NaN,NaN,NaN,NaN,NaN,NaN,0.97,0.28,0.03,0.34,0.17,0.71,NaN,NaN,NaN,NaN,0.50,0.68,0.24,0.81,NaN,NaN,NaN,NaN,NaN,NaN,0.90,0.25,0.87,0.56,0.48,0.17,NaN,NaN,NaN,NaN,NaN,NaN,NaN,NaN,NaN,NaN,NaN,NaN,NaN,NaN,NaN,NaN,NaN,NaN,NaN,NaN,NaN,NaN,NaN,NaN,NaN,NaN,NaN,NaN,NaN,0.91,0.14,0.57,0.12,0.85,0.21,0.11,0.47,0.11,0.79,0.43,0.10,NaN,NaN,NaN,NaN,0.37,0.67,0.12,0.24,0.47,0.07,NaN,NaN,NaN,NaN,NaN,NaN,NaN,NaN,NaN,0.50,0.41,NaN,NaN,NaN,0.91,0.00,NaN,NaN,NaN,NaN,NaN,NaN,0.37,0.81,0.37,0.28,0.70,0.38,0.78,0.80,0.56,0.76,0.66,0.66,0.95,0.99,NaN,NaN,NaN,0.91,NaN,NaN,NaN,0.27,0.96,0.06,NaN,NaN,NaN,NaN,NaN,NaN,NaN,NaN,NaN,NaN,NaN,NaN,NaN,0.47,0.75,0.82,NaN,0.10,0.74,0.05,0.53,NaN,0.06,0.46,0.04,NaN,NaN,NaN,NaN,NaN,NaN,NaN,NaN,NaN,NaN,NaN,NaN,0.68,0.03,0.46,NaN,NaN,NaN,0.33,0.84,0.81,0.37,0.56,0.71,NaN,NaN,NaN,0.80,0.80,0.65,0.69,0.62,0.45,NaN,NaN,0.54,0.13,0.32,0.76,0.35,0.43,0.61,0.19,0.27,0.32,0.29,0.69,0.73,0.51,0.16,0.69,0.37,0.80,0.99,0.48,0.70,NaN,NaN,NaN,NaN,NaN,NaN,NaN,NaN,0.76,0.35,0.02,0.05,0.63,0.57,0.47,0.87,0.18,0.14,0.01,0.51,0.79,NaN,NaN,0.31,0.01,0.16,0.07,NaN,NaN,NaN,0.82,0.79,0.56,0.12,0.86,0.81,0.61,0.44,NaN,NaN,0.02,0.38,0.12,0.23,0.00,0.94,0.44,0.51,0.61,0.68,0.88,0.75,0.24,0.91,0.63,0.88,0.00,0.12,0.49,NaN,NaN,NaN,NaN,NaN,NaN,NaN,NaN,NaN,NaN,NaN,NaN,NaN,NaN,NaN,NaN,0.86,0.12,0.61,0.31,0.91,0.73,0.95,0.38,0.96,0.64,0.60,0.80,0.87,0.03,NaN,NaN,NaN,NaN,NaN,NaN,NaN,NaN,NaN,NaN,NaN,NaN,0.37,0.04
"2002Q4",0.07,0.32,0.29,0.04,0.82,0.50,0.80,0.58,NaN,NaN,NaN,NaN,NaN,NaN,0.10,0.18,0.07,0.29,0.67,0.44,0.18,0.18,0.68,0.45,0.22,0.10,1.00,0.40,0.84,0.72,NaN,NaN,NaN,NaN,NaN,NaN,NaN,NaN,NaN,NaN,NaN,0.60,0.24,0.26,0.65,0.40,0.79,0.29,0.59,0.81,0.52,0.96,0.80,0.18,NaN,NaN,NaN,NaN,NaN,NaN,NaN,NaN,NaN,NaN,0.70,0.52,0.34,0.56,0.11,0.06,NaN,0.72,0.12,0.34,NaN,NaN,NaN,NaN,NaN,NaN,NaN,NaN,NaN,0.56,0.22,0.06,0.59,0.09,0.03,0.65,0.90,0.22,0.40,0.68,NaN,NaN,NaN,NaN,0.31,0.61,0.83,0.08,0.26,0.95,0.75,0.89,0.88,0.94,0.48,0.49,0.12,0.61,0.85,0.63,NaN,NaN,NaN,NaN,NaN,NaN,NaN,NaN,NaN,NaN,NaN,NaN,NaN,NaN,NaN,NaN,NaN,NaN,NaN,NaN,0.72,0.79,0.24,0.17,0.17,0.74,0.11,0.59,0.23,0.06,0.35,0.16,0.51,0.40,0.52,0.22,0.15,0.27,0.15,0.08,0.29,NaN,NaN,NaN,NaN,0.36,0.84,0.00,0.80,0.95,0.07,0.81,0.18,0.95,0.01,0.45,0.90,0.91,0.93,0.83,0.05,0.79,NaN,NaN,NaN,0.38,0.88,NaN,NaN,NaN,NaN,NaN,NaN,0.24,0.09,0.59,0.64,0.49,0.75,0.70,0.22,0.30,0.29,0.78,0.91,0.95,0.41,NaN,NaN,NaN,0.42,NaN,NaN,NaN,0.94,0.85,0.38,NaN,NaN,NaN,NaN,NaN,NaN,NaN,NaN,NaN,NaN,NaN,NaN,NaN,0.93,0.76,0.71,NaN,0.01,0.89,0.99,0.25,NaN,0.23,0.86,0.81,NaN,NaN,NaN,NaN,NaN,NaN,NaN,NaN,NaN,NaN,NaN,NaN,0.88,0.64,0.37,0.97,0.55,0.50,0.60,0.63,0.72,0.32,0.04,0.79,NaN,NaN,NaN,0.35,0.99,0.50,0.66,0.56,0.24,NaN,NaN,0.46,0.53,0.80,0.08,0.29,0.35,0.44,0.15,0.98,0.81,0.75,0.30,0.14,0.87,0.44,0.60,0.79,0.20,0.47,0.01,0.61,NaN,NaN,NaN,NaN,NaN,NaN,NaN,NaN,1.00,0.51,0.84,0.70,0.94,0.62,0.98,0.21,0.95,0.03,0.68,0.49,0.46,0.71,0.65,0.61,0.04,0.53,0.90,NaN,NaN,NaN,0.39,0.39,0.91,0.17,0.27,0.88,0.49,0.40,NaN,NaN,0.14,0.03,0.95,0.96,0.08,0.63,0.71,0.96,0.47,0.46,0.25,0.91,0.06,0.66,0.48,0.25,0.20,0.53,0.44,NaN,NaN,NaN,NaN,NaN,NaN,NaN,NaN,NaN,NaN,NaN,NaN,NaN,NaN,NaN,NaN,0.53,0.81,0.36,0.55,0.15,0.56,0.77,0.11,0.63,0.25,0.60,0.21,0.58,0.47,NaN,NaN,NaN,NaN,NaN,NaN,NaN,NaN,NaN,NaN,NaN,NaN,0.49,0.27
"2003Q1",0.25,0.78,0.09,0.75,0.43,0.19,0.23,0.02,NaN,NaN,NaN,NaN,NaN,NaN,0.11,0.21,0.68,0.53,0.72,0.06,0.73,0.04,0.53,0.41,0.27,0.04,0.81,0.75,0.74,0.86,NaN,NaN,NaN,NaN,NaN,NaN,NaN,NaN,NaN,NaN,NaN,0.90,0.24,0.01,0.73,0.99,0.32,0.85,0.41,0.36,0.99,0.54,0.14,0.97,0.00,0.05,0.54,0.39,0.61,0.86,0.61,0.83,0.76,0.34,0.74,0.09,0.80,0.93,0.04,0.89,0.18,0.93,0.92,0.85,NaN,NaN,NaN,NaN,NaN,NaN,NaN,NaN,NaN,0.85,0.22,0.59,0.88,0.07,0.84,0.49,0.90,0.79,0.70,0.96,NaN,NaN,NaN,NaN,0.95,0.22,0.81,0.53,0.88,0.09,0.42,0.47,0.61,0.51,0.44,0.73,0.04,0.30,0.81,0.58,0.95,0.85,0.79,0.61,0.80,0.36,0.23,0.60,NaN,NaN,NaN,NaN,NaN,NaN,NaN,NaN,NaN,NaN,NaN,NaN,0.38,0.84,0.84,0.18,0.49,0.84,0.42,0.12,0.70,0.44,0.15,0.91,0.17,0.12,0.40,0.81,0.99,0.76,0.49,0.29,0.05,0.36,0.15,0.77,0.88,0.15,0.66,0.15,0.82,0.97,0.17,0.63,0.63,0.10,0.22,0.34,0.85,0.40,0.53,0.11,0.31,0.34,NaN,NaN,NaN,0.88,0.24,NaN,NaN,NaN,NaN,NaN,NaN,0.35,0.73,0.18,0.59,0.18,0.16,0.49,0.86,0.16,0.61,0.25,0.01,0.97,0.37,0.01,0.54,0.50,0.15,NaN,NaN,NaN,0.64,0.01,0.72,NaN,NaN,NaN,NaN,NaN,NaN,NaN,NaN,NaN,NaN,NaN,NaN,NaN,0.10,0.54,0.04,NaN,0.06,0.86,0.21,0.54,NaN,0.12,0.26,0.41,0.16,0.18,0.42,0.02,0.69,0.93,NaN,NaN,NaN,NaN,NaN,NaN,0.76,0.06,0.82,0.83,0.16,0.53,0.18,0.26,0.67,0.78,0.76,0.33,0.59,0.23,0.33,0.46,0.44,0.53,0.68,0.73,0.26,NaN,NaN,0.83,0.82,0.30,0.94,0.19,0.06,0.96,0.91,0.31,0.37,0.09,0.60,0.63,0.77,0.33,0.39,0.45,0.41,0.75,0.17,0.04,NaN,NaN,NaN,NaN,NaN,NaN,0.06,0.70,0.27,0.69,0.11,0.26,0.32,0.56,0.68,0.09,0.20,0.81,0.49,0.86,0.49,0.45,0.70,0.68,0.18,0.46,0.97,0.42,0.38,0.52,0.14,0.24,0.20,0.97,0.54,0.16,0.58,0.22,0.06,0.32,0.32,0.00,0.27,0.06,0.31,0.81,0.53,0.28,0.60,0.50,0.16,0.58,0.00,0.50,0.11,0.36,0.44,0.34,0.19,NaN,NaN,NaN,NaN,NaN,NaN,NaN,NaN,NaN,NaN,NaN,NaN,NaN,NaN,NaN,NaN,0.98,0.98,0.40,0.55,0.30,0.99,0.82,0.86,0.82,0.42,0.64,0.17,0.56,0.24,NaN,NaN,NaN,NaN,NaN,NaN,0.36,0.83,0.18,0.44,0.54,0.54,0.47,1.00
"2003Q2",0.22,0.47,0.58,0.24,0.89,0.50,0.50,0.12,NaN,NaN,NaN,NaN,NaN,NaN,0.78,0.08,0.40,0.83,0.64,0.87,0.37,0.11,0.41,0.22,0.67,0.56,0.49,0.84,0.95,0.28,NaN,NaN,NaN,NaN,NaN,NaN,NaN,NaN,NaN,NaN,NaN,0.94,0.15,0.53,0.37,0.09,0.45,0.91,0.31,0.07,0.85,0.96,0.48,0.41,0.03,0.05,0.76,0.18,0.11,0.04,0.17,0.81,0.60,0.83,0.76,0.90,0.99,0.72,0.62,0.33,0.93,0.49,0.14,0.25,0.73,0.66,0.53,0.65,0.51,0.31,0.83,0.49,0.80,0.56,0.52,0.17,0.47,0.89,0.84,0.97,0.52,0.72,0.20,0.78,0.13,0.28,0.00,0.12,0.98,0.41,0.63,0.80,0.81,0.91,0.81,0.56,0.20,0.24,0.31,0.20,0.60,0.80,0.19,0.75,0.25,0.39,0.47,0.78,0.54,0.41,0.59,0.30,0.31,0.32,0.49,0.41,0.93,0.71,NaN,NaN,NaN,NaN,NaN,NaN,0.30,0.68,0.82,0.24,0.54,0.52,0.61,0.93,0.75,0.57,0.50,0.08,0.83,0.08,0.48,0.14,0.43,0.81,0.01,0.56,0.50,0.09,0.03,0.06,0.02,0.15,0.98,0.53,0.85,0.77,0.95,0.71,0.96,0.51,0.01,0.84,0.40,0.22,0.63,0.28,0.64,0.46,NaN,NaN,NaN,0.26,0.24,0.98,0.05,0.77,0.88,0.75,0.30,0.25,0.90,0.08,0.33,0.10,0.06,0.97,0.90,0.67,0.77,0.55,0.75,0.07,0.23,0.60,0.79,0.57,0.54,NaN,NaN,NaN,0.87,0.63,0.10,NaN,NaN,NaN,NaN,NaN,NaN,NaN,NaN,NaN,NaN,NaN,NaN,NaN,0.60,0.28,0.15,NaN,0.32,0.60,0.61,0.78,NaN,0.10,0.82,0.38,0.00,0.43,0.76,0.04,0.70,0.59,NaN,NaN,NaN,NaN,NaN,NaN,0.23,0.17,0.54,0.34,0.12,0.91,0.09,0.90,0.91,0.21,0.66,0.91,0.69,0.67,0.63,0.95,0.34,0.38,0.01,0.06,0.89,NaN,NaN,1.00,0.30,0.61,0.97,0.74,0.82,0.82,0.99,0.57,0.70,0.11,0.20,0.25,0.13,0.09,0.07,0.10,0.24,0.67,0.30,0.20,NaN,NaN,NaN,0.17,0.00,0.43,0.69,0.88,0.79,0.60,0.84,0.69,0.75,0.28,0.87,0.19,0.22,0.05,0.03,0.97,0.43,0.64,0.84,0.99,0.20,0.38,0.39,0.06,0.95,0.81,0.20,0.08,0.79,0.29,0.55,0.09,0.98,0.88,0.74,0.44,0.90,0.01,0.89,0.18,0.22,0.40,0.65,0.74,0.72,0.06,0.66,0.91,0.19,0.63,0.44,0.30,0.56,0.85,0.44,NaN,NaN,NaN,NaN,NaN,NaN,NaN,NaN,NaN,NaN,NaN,NaN,0.18,0.58,0.19,0.16,0.88,0.23,0.73,0.64,0.78,0.39,0.43,0.71,0.19,0.17,0.92,0.61,0.00,0.92,NaN,NaN,NaN,NaN,NaN,NaN,0.43,0.13,1.00,0.18,0.59,0.70,0.04,0.45
"2003Q3",0.67,0.04,0.68,0.44,0.39,0.15,0.90,0.86,0.45,0.10,0.18,0.10,0.83,0.06,0.29,0.91,0.98,0.60,0.42,0.63,0.84,0.62,0.60,0.13,0.48,0.77,0.89,0.32,0.03,0.73,0.75,0.98,0.72,0.52,0.15,0.83,0.45,0.36,0.23,0.02,0.92,0.22,0.96,0.28,0.58,0.32,0.75,0.64,0.26,0.59,0.96,0.12,0.26,0.84,0.21,0.09,0.35,0.63,0.41,0.69,0.19,0.56,0.86,0.55,0.39,0.88,0.16,0.48,0.57,0.23,0.07,0.65,0.33,0.58,0.65,0.29,0.95,0.80,0.97,0.11,0.80,0.69,0.82,0.90,0.43,0.73,0.44,0.23,0.05,0.75,0.12,0.28,0.67,0.61,0.13,0.38,0.83,0.57,0.51,0.63,0.00,0.74,0.46,0.51,0.38,0.49,0.52,0.26,0.06,0.22,0.60,0.80,0.25,0.15,0.39,0.74,0.31,0.57,0.46,0.37,0.46,0.13,0.79,0.49,0.58,0.22,0.58,0.86,0.41,0.99,0.46,0.96,0.47,0.26,0.69,0.42,0.85,0.75,0.20,0.15,0.99,0.59,0.55,0.57,0.81,0.34,0.93,0.36,0.99,0.88,0.96,0.10,0.19,0.63,0.77,0.34,0.76,0.26,0.34,0.35,0.98,0.51,0.47,0.57,0.81,0.69,0.53,0.11,0.64,0.98,0.17,0.08,0.68,0.77,0.79,0.37,0.73,0.25,0.35,0.91,0.64,0.13,0.81,0.08,0.56,0.81,0.46,0.39,0.45,0.15,0.99,0.20,0.34,0.48,0.29,0.68,0.85,0.23,0.80,0.44,0.45,0.66,0.87,0.19,0.94,0.02,0.46,0.65,0.37,0.36,0.67,0.88,0.71,0.55,0.16,0.46,0.30,0.28,0.66,0.79,0.88,0.78,0.84,0.77,0.23,0.24,0.23,0.56,0.78,0.65,0.35,0.52,0.30,0.89,0.33,0.52,0.56,0.10,0.52,0.80,0.80,0.10,0.21,0.94,0.91,0.04,0.61,0.33,0.36,0.68,0.82,0.62,0.40,0.58,0.31,0.77,0.82,0.96,0.60,0.58,0.65,0.87,0.42,0.13,0.05,0.77,0.13,0.49,0.59,0.57,0.99,0.97,0.79,0.46,0.61,0.72,0.11,0.01,0.39,0.61,0.63,0.73,0.66,0.84,0.06,0.81,1.00,0.81,0.27,0.80,0.74,0.33,0.04,0.37,0.86,0.86,0.25,0.61,0.52,0.71,0.13,0.51,0.34,0.36,0.29,0.15,0.50,0.67,0.01,0.67,0.11,0.76,0.89,0.65,0.73,0.99,0.72,0.09,0.31,0.03,0.74,0.45,0.72,0.08,0.35,0.60,0.96,0.31,0.52,0.94,0.60,0.36,0.61,0.17,0.90,0.62,0.70,0.32,0.78,0.12,0.41,0.07,0.26,0.06,0.49,0.09,0.90,0.97,0.39,0.19,0.49,0.58,0.09,0.45,0.86,0.48,0.71,0.46,0.73,0.28,0.02,0.94,0.82,0.28,0.31,0.96,0.08,0.16,0.91,0.96,0.60,0.49,0.88,0.30,0.58,0.75,0.88,0.22,0.94,0.13,0.72,0.39,0.62,0.69,0.91,0.60,0.21,0.69,0.51,0.52,0.25,0.23,0.08,0.62,0.15
"2003Q4",0.84,0.18,0.55,0.69,0.77,0.05,0.57,0.48,0.05,0.18,0.60,1.00,0.34,0.78,0.60,0.71,0.40,0.34,0.39,0.36,0.73,0.94,0.75,0.31,0.62,0.31,0.14,0.55,0.36,0.14,0.50,0.29,0.02,0.66,0.63,0.39,0.43,0.45,0.83,0.44,0.99,0.48,0.94,0.95,0.12,0.51,0.11,0.26,0.76,0.91,0.68,0.05,0.37,0.62,0.45,0.59,0.46,0.62,0.88,0.98,0.09,0.26,0.99,0.96,0.43,0.44,0.24,0.64,0.96,0.11,0.58,0.89,0.90,0.94,0.52,0.75,0.27,0.23,0.20,0.59,0.92,0.41,0.19,0.42,0.74,0.53,0.75,0.86,0.55,0.57,0.18,0.58,0.44,0.95,0.87,0.86,0.51,0.88,0.99,0.56,0.38,0.14,0.09,0.61,0.32,0.07,0.05,0.76,0.75,0.98,0.52,0.78,0.05,0.36,0.43,0.98,0.69,0.81,0.82,0.47,0.86,0.39,0.24,0.22,0.08,0.86,0.01,0.78,0.96,0.26,0.29,0.95,0.65,0.97,0.88,0.64,0.37,0.20,0.62,0.38,0.22,0.88,0.55,0.82,0.63,0.58,0.17,0.83,0.60,0.92,0.72,0.47,0.49,0.93,0.28,0.55,0.80,0.65,0.77,0.34,0.25,0.39,0.97,0.92,0.71,0.32,0.48,0.55,0.52,0.63,0.43,0.93,0.92,0.22,0.29,0.68,0.50,0.53,0.77,0.89,0.30,0.75,0.33,0.73,0.75,0.75,0.93,0.42,0.07,0.83,0.12,0.13,0.82,0.99,0.73,0.79,0.90,0.01,0.91,0.32,0.27,0.58,0.79,0.32,0.66,0.14,0.11,0.30,0.24,0.11,0.30,0.87,0.31,0.40,0.06,0.36,0.13,0.53,0.68,0.91,0.62,0.26,0.42,0.06,0.03,0.29,0.25,0.54,0.34,0.92,0.72,0.93,0.52,0.03,0.94,0.89,0.55,0.30,0.75,0.86,0.66,0.37,0.48,0.74,0.75,0.27,0.00,0.31,0.36,0.55,0.46,0.30,0.83,0.78,0.23,0.56,0.55,0.93,0.23,0.29,0.62,0.34,0.58,0.07,0.23,0.28,0.76,0.23,0.94,0.83,0.16,0.75,0.44,0.29,0.96,0.19,0.01,0.14,0.83,0.90,0.96,0.35,0.70,0.84,0.67,0.40,0.66,0.66,0.01,0.27,0.58,0.64,0.40,0.61,0.27,0.93,0.43,0.97,0.08,0.66,0.04,0.78,0.43,0.54,0.12,0.73,0.29,0.73,0.30,0.46,0.08,0.25,0.87,0.68,0.02,0.76,0.44,0.26,0.55,0.19,0.89,0.35,0.67,0.93,0.97,0.85,0.27,0.61,0.35,0.95,0.80,0.63,0.02,0.15,0.78,0.29,0.70,0.38,0.62,0.77,0.60,0.34,0.16,0.56,0.62,0.04,0.57,0.19,0.65,0.21,0.86,0.95,0.68,0.67,0.70,0.39,0.50,0.88,0.42,0.16,0.80,0.96,0.18,0.88,0.67,0.54,0.72,0.35,0.68,0.88,0.16,0.55,0.89,0.68,0.74,0.22,0.34,0.88,0.66,0.21,0.49,0.61,0.33,0.93,0.03,0.78,0.38,0.23,0.72,0.89,0.29,0.10,0.51,0.58,0.89
"2004Q1",0.34,0.72,0.43,0.36,0.40,0.85,0.85,0.84,0.18,0.36,0.30,0.33,0.29,0.34,0.96,0.56,0.62,0.30,0.82,1.00,0.57,0.35,0.58,0.73,0.24,0.18,0.39,0.98,0.66,0.84,0.65,0.80,0.67,0.95,0.86,0.61,0.97,0.39,0.02,0.83,0.51,0.38,0.82,0.91,0.06,NaN,NaN,NaN,1.00,0.19,0.40,0.30,0.66,0.38,0.13,0.24,0.64,0.33,0.55,0.28,0.32,0.68,0.93,0.89,0.96,0.78,0.70,0.89,0.75,0.31,0.64,0.54,0.50,0.05,0.33,0.56,0.25,0.60,0.11,0.28,0.14,0.03,0.12,0.36,0.07,0.25,0.47,0.71,0.94,0.30,0.71,0.42,0.43,0.06,0.60,0.42,0.37,0.35,0.46,0.13,0.90,0.44,0.56,0.32,0.99,0.90,0.86,0.99,0.13,0.59,0.01,0.35,0.61,0.14,0.83,0.52,0.99,0.58,0.95,0.50,0.66,0.82,0.23,0.94,0.66,0.86,0.81,0.20,0.75,0.67,0.08,0.21,0.28,0.62,0.92,0.21,0.38,0.98,0.03,0.82,0.35,0.42,0.63,0.13,0.69,0.48,0.88,0.21,0.94,0.01,0.58,0.22,0.84,0.98,0.23,0.46,0.29,0.13,0.34,0.78,0.62,0.31,0.84,0.50,0.97,0.53,0.79,0.69,0.25,0.18,0.42,0.60,0.15,0.03,0.50,0.57,0.94,0.44,0.88,0.40,0.83,0.83,0.23,0.45,0.89,0.34,0.22,0.64,0.24,0.30,0.74,0.32,0.38,0.49,0.34,0.35,0.60,0.77,0.97,0.13,0.46,0.91,0.97,0.72,0.39,0.77,0.70,0.61,0.19,0.54,0.60,0.17,0.26,0.75,0.66,0.28,0.30,0.52,0.47,0.53,0.62,0.31,0.54,0.85,0.58,0.96,0.17,0.07,0.62,0.43,0.03,0.15,0.56,0.84,0.24,0.41,0.55,0.78,0.17,0.57,0.52,0.28,0.11,0.25,0.29,0.23,0.59,0.02,0.27,0.01,0.01,0.09,0.19,0.66,0.91,0.90,0.02,0.37,0.71,0.27,0.95,0.03,0.96,0.71,0.58,0.65,0.84,0.34,0.62,0.35,0.00,0.20,0.55,0.83,0.33,0.43,0.28,0.48,0.95,0.40,0.20,0.58,0.46,0.45,0.48,0.66,0.23,0.45,0.93,0.28,0.70,0.22,0.60,0.85,0.90,0.19,0.43,0.36,0.41,0.44,NaN,NaN,NaN,NaN,NaN,NaN,0.18,0.63,0.27,0.80,0.61,0.68,0.63,0.06,0.58,0.28,0.85,0.34,0.79,0.27,0.60,0.76,0.06,0.20,0.84,0.24,0.27,0.38,0.98,0.11,0.16,0.94,0.31,0.52,0.91,0.14,0.85,0.72,0.50,0.77,0.43,0.34,0.28,0.00,0.12,0.75,0.73,0.10,0.59,0.53,0.72,0.10,0.55,0.73,0.88,0.45,0.89,0.49,0.27,0.40,0.11,0.18,0.10,0.87,0.40,0.91,0.45,NaN,0.73,0.61,0.42,0.88,0.39,0.86,0.75,0.42,0.21,0.05,0.21,0.83,0.08,0.25,0.28,0.14,0.70,0.11,0.66,0.98,0.25,0.65,0.53,0.64,0.49,0.30,0.03
"2004Q2",0.78,0.47,0.64,0.74,0.81,0.56,0.74,0.21,0.66,0.06,0.13,0.30,0.75,0.61,0.43,0.31,0.15,0.45,0.32,0.22,0.18,0.41,0.55,0.78,0.18,0.34,0.93,0.55,0.28,0.14,0.31,0.90,0.44,0.72,0.97,0.82,0.62,0.78,0.86,0.62,0.27,0.52,0.73,0.39,0.98,NaN,NaN,NaN,0.19,0.43,0.93,0.58,0.17,0.88,0.01,0.84,0.92,0.80,0.37,0.13,0.77,0.23,0.41,0.36,0.57,0.15,0.38,0.20,0.66,0.23,0.65,0.28,0.62,0.05,0.66,0.43,0.93,0.11,0.30,0.16,0.50,0.29,0.82,0.49,0.85,0.92,0.86,0.87,0.32,0.26,0.83,0.09,0.18,0.27,0.27,0.24,0.23,0.04,0.43,0.17,0.68,0.35,0.19,0.08,0.72,0.29,0.44,0.36,0.36,0.30,0.69,0.05,0.78,0.85,0.82,0.43,0.77,0.94,0.08,0.91,0.35,0.98,0.46,0.48,0.05,0.28,0.61,0.99,0.98,0.96,0.58,0.77,0.52,0.17,0.08,0.62,0.86,0.71,0.32,0.17,0.27,0.61,0.99,0.30,0.64,0.81,0.39,0.79,0.49,0.38,0.54,0.92,0.14,0.09,0.33,0.65,0.12,0.64,0.62,0.49,0.73,0.00,0.08,0.17,1.00,0.87,0.09,0.15,0.19,0.12,0.73,0.38,0.41,0.44,0.82,0.65,0.29,0.16,0.73,0.63,0.88,0.78,0.82,0.65,0.84,0.58,0.00,0.79,0.73,0.38,0.16,0.95,0.97,0.50,0.27,0.25,0.07,0.02,0.12,0.13,0.43,0.64,0.18,0.55,0.26,0.97,0.18,0.28,0.55,0.42,0.15,0.85,0.92,0.49,0.02,0.08,0.17,0.57,0.14,0.80,0.30,0.18,0.53,0.38,0.84,0.23,0.24,0.99,0.99,0.29,0.07,0.42,0.24,0.51,0.96,0.60,0.69,0.54,0.67,0.75,0.33,0.27,0.13,0.72,0.63,0.36,0.78,0.16,0.34,0.29,0.00,0.52,0.50,0.47,0.94,0.37,0.09,0.34,0.72,0.89,0.18,0.91,0.62,0.93,0.60,0.92,0.75,0.55,0.25,0.78,0.25,0.04,0.99,0.57,0.90,0.05,0.94,0.58,0.89,0.69,0.60,0.30,0.16,0.39,0.50,0.57,0.09,0.53,0.52,0.72,NaN,NaN,0.92,0.70,0.21,0.05,0.88,0.66,0.43,0.56,NaN,NaN,NaN,NaN,NaN,NaN,0.96,0.47,0.59,0.36,0.23,0.76,0.29,0.22,0.92,0.95,0.39,0.38,0.80,0.07,0.69,0.36,0.38,0.96,0.71,0.73,0.31,0.93,NaN,NaN,0.74,0.29,0.19,0.42,0.02,0.19,0.56,0.19,0.49,0.54,0.12,0.98,0.30,0.15,0.13,0.32,0.98,0.69,0.77,0.08,0.62,0.88,0.99,0.29,0.47,0.03,0.78,0.62,0.31,0.29,0.69,0.05,0.03,0.49,0.22,0.65,0.51,NaN,0.69,0.97,0.37,0.99,0.73,0.87,0.56,0.79,0.80,0.81,0.91,0.39,0.53,0.29,0.43,0.88,0.21,0.58,0.76,0.98,0.53,0.47,0.56,0.98,0.86,0.44,0.12
"2004Q3",0.68,0.15,0.65,0.39,0.76,0.93,0.59,0.55,0.33,0.52,0.21,0.06,0.01,0.74,0.69,0.17,0.38,0.42,0.81,0.65,0.96,0.98,0.58,0.69,0.83,0.21,0.92,0.33,0.23,0.59,0.14,0.60,0.44,0.40,0.57,0.89,0.70,0.73,0.08,0.52,0.10,0.26,0.18,0.02,0.28,NaN,NaN,NaN,0.78,0.75,0.48,0.53,0.28,0.78,0.73,0.86,0.16,1.00,0.21,0.69,0.23,0.46,0.00,0.55,0.85,0.62,0.97,0.40,0.52,0.65,0.86,NaN,NaN,NaN,0.12,0.27,0.07,0.52,0.40,0.00,0.40,0.80,0.64,0.26,0.68,0.76,0.47,0.94,0.81,0.89,0.03,0.02,0.19,0.99,0.86,0.60,0.53,0.14,0.21,0.00,0.38,0.48,0.53,0.85,0.41,0.27,0.55,0.75,0.40,0.97,0.95,0.71,0.51,0.34,0.45,0.21,0.83,0.87,0.71,0.21,0.35,0.86,0.62,0.54,0.56,0.62,0.48,0.09,0.23,0.67,0.15,0.62,0.25,0.83,0.48,0.68,0.46,0.18,0.53,0.33,0.29,0.07,0.63,0.00,0.73,0.53,0.38,0.65,0.44,0.17,0.71,0.32,0.73,0.66,0.45,0.51,0.38,0.38,0.45,0.46,0.50,0.82,0.24,0.33,0.99,0.05,0.88,0.78,0.09,0.58,0.41,0.66,0.31,0.94,0.60,0.49,0.38,0.60,0.41,0.57,0.95,0.19,0.35,0.17,0.13,0.47,0.91,0.27,0.04,0.65,0.43,0.53,0.61,0.77,0.17,0.35,0.22,0.39,0.52,0.81,0.26,0.53,0.93,0.14,0.85,0.39,0.80,0.80,0.26,0.52,0.44,0.96,0.62,0.38,0.29,0.44,0.32,0.33,0.95,0.56,0.07,0.45,0.19,0.40,0.56,0.54,0.28,0.25,NaN,NaN,NaN,NaN,0.91,0.11,0.51,0.09,0.93,0.77,0.62,0.52,0.93,0.23,0.06,0.69,0.46,0.13,0.66,0.44,0.09,0.38,0.17,0.83,0.13,0.22,0.03,0.34,0.51,0.69,0.34,0.37,0.47,0.47,0.15,0.11,0.25,0.33,0.94,0.74,0.10,0.71,0.35,0.19,0.69,0.07,0.00,0.66,0.67,0.29,0.84,0.20,0.08,0.71,0.42,0.96,0.31,0.00,0.24,NaN,NaN,NaN,NaN,NaN,0.29,0.39,0.96,0.55,0.07,0.31,0.66,0.99,NaN,NaN,NaN,NaN,NaN,NaN,0.76,0.31,0.40,0.03,0.14,0.59,0.29,0.17,0.09,0.41,0.84,0.15,0.86,0.33,0.39,0.56,0.49,0.34,0.21,0.40,0.56,0.06,NaN,NaN,0.76,0.24,0.28,0.59,0.96,0.96,0.57,NaN,NaN,NaN,NaN,NaN,NaN,0.41,0.31,0.07,0.59,0.10,0.17,0.24,0.09,0.89,0.21,0.59,0.37,0.43,0.49,0.56,0.58,0.24,0.78,0.27,0.01,0.61,0.24,0.15,0.61,NaN,0.80,0.63,0.08,0.02,0.91,0.90,0.80,0.40,0.02,0.03,0.38,0.32,0.67,0.02,0.35,0.02,0.82,0.87,0.17,0.29,0.38,0.10,0.42,0.10,0.61,NaN,NaN
"2004Q4",0.01,0.34,0.68,0.68,0.38,0.70,0.25,0.63,0.90,0.34,0.89,0.30,0.05,0.10,0.76,0.62,0.16,0.36,0.79,0.60,0.27,0.95,0.51,0.01,0.77,0.51,0.71,0.62,0.71,0.37,0.48,0.88,0.12,0.83,1.00,0.93,0.72,0.43,0.67,0.86,0.51,NaN,0.36,0.67,0.59,NaN,NaN,NaN,0.20,0.04,0.23,0.90,0.20,0.46,0.35,0.96,0.72,0.98,0.44,0.91,0.74,0.38,0.54,0.35,NaN,NaN,NaN,NaN,NaN,NaN,0.06,NaN,NaN,NaN,0.15,0.75,0.30,0.84,0.42,0.28,0.17,0.35,0.02,0.93,0.14,0.89,0.50,0.14,0.60,0.45,0.76,0.49,0.62,0.77,0.06,0.48,0.29,0.08,0.19,0.42,0.63,0.59,0.36,0.14,0.10,0.59,0.57,0.11,0.89,0.90,0.87,0.99,0.03,0.28,0.38,0.32,0.71,0.51,0.23,0.34,0.25,0.08,0.62,0.22,0.71,0.78,0.27,0.65,0.10,0.30,0.07,0.92,0.30,0.66,0.13,0.60,0.57,0.86,0.33,0.97,0.19,0.92,0.60,NaN,NaN,NaN,0.27,0.03,0.77,0.54,0.01,0.86,0.69,0.60,0.74,0.81,0.83,0.77,0.01,0.13,0.85,0.64,0.82,0.30,0.15,0.50,0.00,0.40,0.37,0.33,0.95,0.79,0.69,0.26,NaN,NaN,0.11,0.94,0.60,NaN,NaN,0.43,0.17,0.53,0.19,0.09,0.68,0.84,0.42,0.82,0.83,0.25,0.34,0.39,0.66,0.33,0.87,0.25,0.82,0.52,0.13,0.26,0.05,0.38,0.95,0.99,0.51,0.80,0.31,0.89,0.01,0.77,0.09,0.06,0.97,0.17,0.11,0.41,0.88,0.75,0.29,0.33,0.08,0.33,0.84,0.21,0.95,0.32,NaN,NaN,NaN,NaN,0.83,0.49,0.56,0.34,0.94,0.64,0.01,0.59,0.25,0.00,0.08,0.77,0.13,1.00,0.53,0.77,NaN,NaN,NaN,0.76,0.86,0.60,NaN,NaN,NaN,NaN,NaN,NaN,0.84,0.91,0.84,0.65,0.65,0.81,0.92,0.41,0.55,0.59,0.23,0.58,0.97,0.27,0.48,0.78,0.39,0.44,0.68,0.06,0.54,0.36,0.60,0.01,0.32,0.65,0.90,NaN,NaN,NaN,NaN,NaN,0.55,0.57,0.41,0.01,0.34,0.89,0.22,0.96,NaN,NaN,NaN,NaN,NaN,NaN,0.95,0.64,0.19,0.22,0.53,0.82,0.25,0.93,0.55,NaN,NaN,NaN,0.80,0.05,0.22,0.89,0.77,0.96,0.02,0.31,0.38,0.99,NaN,NaN,0.88,0.92,0.03,0.28,NaN,0.30,0.53,NaN,NaN,NaN,NaN,NaN,NaN,NaN,NaN,0.92,0.50,0.20,0.50,0.63,0.11,0.21,0.92,0.37,0.08,0.11,0.76,0.72,0.69,0.64,0.79,0.55,0.97,0.72,0.39,0.05,0.88,NaN,0.53,0.78,0.24,0.35,0.90,0.84,0.67,0.05,0.04,0.42,0.03,0.26,0.61,0.35,0.88,0.34,0.22,0.69,0.52,0.34,0.80,0.97,0.91,0.19,0.12,NaN,NaN
"2005Q1",0.60,0.61,0.64,0.70,0.22,0.58,0.67,0.03,0.12,0.18,0.07,0.05,0.67,0.13,0.43,0.99,0.76,0.56,0.85,0.39,0.92,0.68,0.08,0.84,0.93,0.91,0.62,0.36,0.62,0.81,0.36,0.94,0.81,0.13,0.55,0.19,0.35,0.69,0.50,0.10,0.59,NaN,NaN,0.84,0.96,NaN,NaN,NaN,0.99,0.95,0.40,0.54,0.20,0.81,0.78,0.49,0.58,0.13,0.96,0.61,0.69,0.54,0.21,0.62,NaN,NaN,NaN,NaN,NaN,NaN,0.82,NaN,NaN,NaN,0.02,0.90,0.59,0.92,0.31,0.55,0.58,0.08,0.90,0.47,0.86,0.07,0.49,0.39,0.79,0.82,0.96,0.28,0.27,0.48,0.46,0.90,0.07,0.74,0.83,0.49,0.24,0.15,0.31,0.37,0.73,0.48,0.68,0.60,0.02,0.19,0.11,0.16,0.99,0.01,0.93,0.11,0.60,0.79,0.40,0.57,0.95,0.34,0.12,0.10,0.49,0.95,0.26,0.22,0.38,0.53,0.58,0.60,0.65,0.55,0.25,0.35,0.70,0.91,0.60,0.81,0.02,0.64,0.91,NaN,NaN,NaN,0.87,0.79,0.74,0.10,0.78,0.26,0.03,0.47,0.51,0.10,0.84,0.65,0.60,0.89,0.19,0.45,0.41,0.56,0.96,0.43,0.51,0.90,0.01,0.27,0.91,0.33,0.89,0.57,NaN,NaN,0.96,0.11,0.64,NaN,NaN,0.01,0.03,0.63,0.15,0.83,0.51,0.74,0.54,0.77,0.36,0.44,0.93,0.45,0.54,NaN,NaN,NaN,NaN,NaN,NaN,0.05,0.24,0.40,0.38,0.33,0.55,0.95,0.02,0.15,0.23,0.88,0.63,0.21,0.76,0.40,0.83,0.41,0.44,0.01,0.23,0.28,0.46,0.56,0.20,0.43,0.35,0.30,NaN,NaN,NaN,NaN,0.44,0.60,0.99,0.14,0.90,0.89,0.74,0.19,0.51,0.89,0.63,0.75,0.55,0.51,0.83,0.68,NaN,NaN,NaN,0.95,0.77,0.18,NaN,NaN,NaN,NaN,NaN,NaN,0.50,0.33,0.73,0.15,0.06,0.79,0.22,0.51,0.44,0.38,0.76,0.63,0.10,0.17,0.15,NaN,NaN,NaN,0.17,0.62,0.85,0.72,0.32,0.40,0.91,0.32,0.22,NaN,NaN,NaN,NaN,NaN,0.78,0.25,0.23,0.83,0.18,0.30,0.08,0.34,NaN,NaN,NaN,NaN,NaN,NaN,0.67,0.56,0.39,0.71,0.93,0.93,0.70,0.52,0.93,NaN,NaN,NaN,0.01,0.10,0.13,0.84,NaN,NaN,NaN,0.65,0.25,0.67,NaN,NaN,0.43,0.93,0.83,0.59,NaN,0.24,0.86,NaN,NaN,NaN,NaN,NaN,NaN,NaN,NaN,0.05,0.53,0.61,0.38,0.11,0.58,0.17,0.67,0.80,1.00,0.04,0.67,0.55,0.86,0.96,0.71,0.78,0.89,0.14,0.03,0.02,0.12,NaN,0.75,0.90,0.99,0.53,0.08,0.49,0.54,0.20,0.53,0.59,0.23,0.30,NaN,0.14,0.01,0.24,0.10,0.24,1.00,1.00,0.67,0.62,0.31,0.01,0.61,NaN,NaN
"2005Q2",0.39,0.19,0.95,0.44,0.79,0.82,0.08,0.61,0.99,0.21,0.24,0.51,0.60,0.55,0.66,0.17,0.87,0.74,0.51,0.14,0.22,0.99,0.72,0.92,0.11,0.63,0.34,0.76,0.59,0.50,0.79,0.55,0.32,0.06,0.52,0.26,0.52,0.95,0.22,0.91,0.76,NaN,NaN,0.97,0.19,NaN,NaN,NaN,0.80,0.76,0.71,0.43,0.33,0.90,0.44,0.22,0.43,0.23,0.12,0.90,0.82,0.99,0.22,0.80,NaN,NaN,NaN,NaN,NaN,NaN,0.53,NaN,NaN,NaN,0.96,0.73,0.20,0.50,0.69,0.87,0.61,0.51,0.52,0.25,0.20,0.18,0.23,0.98,0.80,0.10,0.34,0.34,0.56,0.68,0.72,0.93,0.08,0.46,0.73,0.16,0.57,0.91,0.73,0.62,0.64,0.37,0.37,0.43,0.84,0.00,0.35,0.11,0.50,0.80,0.74,0.38,0.75,0.47,0.27,0.49,0.30,0.24,0.12,0.06,0.62,0.92,0.48,0.24,0.50,0.00,0.29,0.70,0.89,0.25,0.88,0.36,0.96,0.96,0.36,0.22,0.45,0.10,0.57,NaN,NaN,NaN,0.74,0.92,0.44,0.04,0.93,0.88,0.49,0.36,0.38,0.46,0.67,0.38,0.60,NaN,NaN,NaN,NaN,NaN,NaN,0.90,0.68,0.31,0.60,0.55,0.95,0.69,0.49,0.36,NaN,NaN,0.43,0.90,0.13,NaN,NaN,0.33,0.96,0.01,0.03,0.69,0.52,0.83,0.95,0.37,0.08,0.67,0.90,0.13,0.83,NaN,NaN,NaN,NaN,NaN,NaN,0.73,0.01,0.58,0.07,0.14,0.21,0.44,0.59,0.43,0.26,0.07,0.19,0.54,0.24,0.92,0.97,0.98,0.83,0.48,0.35,0.93,0.03,0.30,0.62,0.14,0.30,0.04,NaN,NaN,NaN,NaN,0.98,0.09,0.77,0.24,0.60,0.06,0.99,0.50,0.74,0.45,0.41,0.32,0.97,0.39,0.96,0.71,NaN,NaN,NaN,0.33,0.56,0.20,NaN,NaN,NaN,NaN,NaN,NaN,0.76,0.69,0.11,0.69,0.94,0.12,0.51,0.13,0.69,0.39,0.23,0.36,0.90,0.56,0.31,NaN,NaN,NaN,0.24,0.69,0.04,1.00,0.83,0.49,0.45,0.27,0.48,NaN,NaN,NaN,NaN,NaN,0.33,0.73,0.82,0.91,0.25,0.30,0.47,0.16,NaN,NaN,NaN,NaN,NaN,NaN,0.19,0.66,0.15,0.55,0.62,0.64,0.77,0.67,0.20,NaN,NaN,NaN,0.92,0.07,0.17,0.24,NaN,NaN,NaN,0.39,0.68,0.62,NaN,NaN,0.19,0.31,0.76,0.59,NaN,NaN,NaN,NaN,NaN,NaN,NaN,NaN,NaN,NaN,NaN,0.07,0.61,0.71,0.98,0.61,0.46,0.65,0.74,0.07,0.87,0.56,0.98,0.78,0.21,0.19,0.95,0.60,0.05,0.58,0.35,0.20,0.29,NaN,0.50,0.23,0.91,0.75,0.03,0.49,NaN,NaN,NaN,NaN,NaN,NaN,NaN,0.41,0.70,0.98,0.62,0.34,0.71,0.79,0.98,0.16,0.65,0.84,0.16,NaN,NaN
"2005Q3",0.92,0.74,0.21,0.02,0.95,0.88,0.63,0.36,0.54,0.91,0.05,0.76,0.53,0.49,0.11,NaN,NaN,NaN,0.64,0.03,0.37,0.77,1.00,0.77,0.18,0.10,0.94,0.41,0.66,0.49,0.78,0.73,0.25,0.08,0.33,0.90,0.56,0.78,0.57,0.11,0.08,NaN,NaN,NaN,NaN,NaN,NaN,NaN,0.42,0.56,0.56,0.54,0.88,0.43,0.44,0.23,0.88,0.02,0.47,0.19,0.83,0.76,0.33,0.75,NaN,NaN,NaN,NaN,NaN,NaN,0.69,NaN,NaN,NaN,0.97,0.41,0.64,0.28,0.09,0.04,0.21,0.37,0.54,0.43,0.61,0.74,NaN,NaN,NaN,NaN,NaN,NaN,NaN,NaN,0.34,0.82,0.07,0.67,0.53,0.67,0.98,0.64,0.52,1.00,0.07,0.66,0.08,0.73,0.29,0.71,0.24,0.91,0.33,0.50,0.74,0.33,0.50,0.83,0.83,0.26,0.16,0.32,0.28,0.82,0.21,0.38,0.23,0.34,0.57,0.88,0.36,0.74,0.86,0.04,0.20,0.17,0.55,0.57,0.13,1.00,0.24,0.70,0.34,NaN,NaN,NaN,0.45,0.49,0.05,0.93,0.01,0.19,0.97,0.48,0.91,0.59,0.96,0.30,0.65,NaN,NaN,NaN,NaN,NaN,NaN,0.63,0.57,0.06,0.48,0.18,0.35,0.20,0.81,0.03,NaN,NaN,0.08,0.55,0.50,NaN,NaN,0.13,0.68,0.47,0.01,0.27,0.10,0.18,0.21,NaN,NaN,NaN,NaN,NaN,NaN,NaN,NaN,NaN,NaN,NaN,NaN,0.16,0.67,0.02,0.18,0.38,0.78,0.46,NaN,NaN,NaN,0.65,0.78,0.41,0.68,0.51,0.22,0.06,0.33,0.25,0.85,0.40,0.43,0.37,0.17,0.38,0.40,0.53,NaN,NaN,NaN,NaN,0.58,NaN,NaN,NaN,0.93,0.18,0.13,0.05,0.25,0.58,0.64,0.51,0.44,0.25,0.31,0.46,NaN,NaN,NaN,0.39,0.39,0.86,NaN,NaN,NaN,NaN,NaN,NaN,0.18,0.02,0.16,0.63,0.09,0.16,0.79,0.21,0.76,0.43,0.45,NaN,NaN,NaN,NaN,NaN,NaN,NaN,NaN,NaN,NaN,0.08,0.12,0.62,0.75,0.46,0.91,NaN,NaN,NaN,NaN,NaN,0.10,0.34,0.36,0.71,0.73,0.91,0.73,0.42,NaN,NaN,NaN,NaN,NaN,NaN,0.29,0.12,0.83,0.87,0.69,0.02,0.82,0.67,0.53,NaN,NaN,NaN,0.02,0.90,0.94,0.44,NaN,NaN,NaN,0.12,0.26,0.15,NaN,NaN,0.30,0.08,NaN,NaN,NaN,NaN,NaN,NaN,NaN,NaN,NaN,NaN,NaN,NaN,NaN,0.57,0.76,0.89,0.94,0.89,0.55,0.18,0.38,0.99,0.00,0.61,0.12,0.45,0.51,0.91,0.30,0.32,0.67,0.20,0.55,0.53,0.06,NaN,0.91,0.10,0.79,0.97,0.57,0.07,NaN,NaN,NaN,NaN,NaN,NaN,NaN,0.15,0.34,0.85,0.10,0.55,0.08,0.79,0.94,0.40,0.29,0.48,0.40,NaN,NaN
"2005Q4",0.00,0.24,0.71,0.33,0.33,0.99,0.66,0.05,0.71,0.68,0.44,0.63,0.73,0.89,0.93,NaN,NaN,NaN,0.95,0.42,0.09,0.34,0.35,0.04,0.10,0.39,0.12,0.49,0.05,0.88,0.67,0.58,0.34,0.16,0.43,0.59,0.16,0.71,0.12,0.52,0.66,NaN,NaN,NaN,NaN,NaN,NaN,NaN,0.73,0.18,0.76,0.71,0.47,0.33,NaN,NaN,NaN,NaN,NaN,NaN,0.29,0.98,0.10,0.13,NaN,NaN,NaN,NaN,NaN,NaN,0.21,NaN,NaN,NaN,0.12,0.94,0.80,0.65,0.40,0.90,0.52,0.74,0.61,0.70,0.54,0.70,NaN,NaN,NaN,NaN,NaN,NaN,NaN,NaN,0.40,0.71,0.41,0.70,0.83,0.02,0.85,0.16,0.79,0.52,0.12,0.94,0.46,0.26,NaN,NaN,NaN,NaN,NaN,NaN,0.95,0.34,0.87,0.32,1.00,0.58,0.36,0.98,0.74,0.77,0.65,0.16,0.05,0.20,0.98,0.40,0.72,0.39,0.21,0.23,0.12,0.80,0.64,0.56,0.91,0.06,0.87,0.40,0.96,NaN,NaN,NaN,0.71,0.83,0.09,0.97,0.82,0.76,0.11,0.67,0.97,0.19,0.94,0.34,0.34,NaN,NaN,NaN,NaN,NaN,NaN,0.98,0.48,0.22,0.31,0.68,0.29,0.96,0.33,0.50,NaN,NaN,0.72,0.43,0.31,NaN,NaN,0.45,0.86,0.89,0.60,0.97,1.00,0.07,0.12,NaN,NaN,NaN,NaN,NaN,NaN,NaN,NaN,NaN,NaN,NaN,NaN,0.28,0.90,0.58,0.58,0.56,0.53,0.60,NaN,NaN,NaN,0.32,0.86,0.90,0.14,0.91,0.71,0.40,0.37,0.31,0.16,0.38,0.56,0.35,0.29,0.79,0.30,0.26,NaN,NaN,NaN,NaN,0.23,NaN,NaN,NaN,0.12,0.42,0.36,0.06,0.85,0.32,0.86,0.77,0.59,0.36,0.80,0.92,NaN,NaN,NaN,0.15,0.49,0.13,NaN,NaN,NaN,NaN,NaN,NaN,0.69,0.51,0.30,0.04,0.33,0.41,0.52,0.29,0.40,0.42,0.26,NaN,NaN,NaN,NaN,NaN,NaN,NaN,NaN,NaN,NaN,0.47,0.25,0.07,0.19,0.62,0.19,NaN,NaN,NaN,NaN,NaN,0.44,0.08,0.50,0.24,0.29,0.49,0.61,0.55,NaN,NaN,NaN,NaN,NaN,NaN,0.06,0.67,0.15,0.74,0.23,0.18,0.81,0.08,0.13,NaN,NaN,NaN,0.03,0.31,0.03,0.83,NaN,NaN,NaN,NaN,NaN,NaN,NaN,NaN,NaN,NaN,NaN,NaN,NaN,NaN,NaN,NaN,NaN,NaN,NaN,NaN,NaN,NaN,NaN,NaN,NaN,NaN,NaN,NaN,NaN,0.12,0.47,0.78,0.68,0.74,0.87,0.91,0.43,0.57,1.00,0.43,0.98,0.06,0.56,0.15,0.14,NaN,0.12,0.83,0.14,0.70,0.01,0.46,NaN,NaN,NaN,NaN,NaN,NaN,NaN,0.83,0.30,0.79,0.80,0.07,0.04,0.63,0.58,0.88,0.26,0.47,0.53,NaN,NaN
"2006Q1",NaN,NaN,NaN,0.42,0.67,0.00,0.73,0.49,1.00,0.47,0.01,0.09,0.71,0.80,0.19,NaN,NaN,NaN,NaN,NaN,NaN,NaN,NaN,NaN,NaN,NaN,NaN,NaN,NaN,NaN,0.13,0.03,0.38,0.32,0.49,0.50,0.56,0.11,0.67,0.14,0.52,NaN,NaN,NaN,NaN,NaN,NaN,NaN,NaN,NaN,NaN,NaN,NaN,NaN,NaN,NaN,NaN,NaN,NaN,NaN,0.31,0.23,0.75,0.82,NaN,NaN,NaN,NaN,NaN,NaN,0.54,NaN,NaN,NaN,0.47,0.26,0.50,0.92,0.30,0.13,0.99,0.52,0.76,0.40,0.16,0.78,NaN,NaN,NaN,NaN,NaN,NaN,NaN,NaN,0.53,0.74,0.12,0.57,0.51,0.12,0.28,0.57,0.20,0.99,0.98,0.62,0.05,0.09,NaN,NaN,NaN,NaN,NaN,NaN,0.51,0.82,0.07,0.98,0.65,0.88,0.74,0.55,0.41,0.20,0.38,0.80,0.17,0.51,0.49,0.30,0.86,0.25,0.40,0.36,0.54,0.49,0.57,0.18,0.64,0.43,0.53,0.08,0.44,NaN,NaN,NaN,0.94,0.13,0.80,0.36,0.77,0.03,0.74,0.96,0.63,0.61,0.11,0.92,0.49,NaN,NaN,NaN,NaN,NaN,NaN,0.59,0.32,0.08,0.74,0.06,0.89,0.71,0.55,0.83,NaN,NaN,0.51,0.15,0.58,NaN,NaN,0.57,0.94,0.11,0.61,0.18,0.36,0.61,0.65,NaN,NaN,NaN,NaN,NaN,NaN,NaN,NaN,NaN,NaN,NaN,NaN,0.26,0.57,0.93,0.19,0.63,0.57,0.84,NaN,NaN,NaN,0.64,0.33,0.06,0.63,0.09,0.04,0.79,0.79,0.97,0.16,0.59,0.64,0.63,0.02,0.81,0.76,0.41,NaN,NaN,NaN,NaN,0.81,NaN,NaN,NaN,0.34,0.74,0.19,0.34,0.54,0.99,0.76,0.57,0.11,0.40,0.29,0.99,NaN,NaN,NaN,0.33,0.89,0.65,NaN,NaN,NaN,NaN,NaN,NaN,0.91,0.33,0.42,NaN,NaN,NaN,NaN,NaN,NaN,0.22,0.35,NaN,NaN,NaN,NaN,NaN,NaN,NaN,NaN,NaN,NaN,0.09,0.94,0.14,0.08,0.80,0.45,NaN,NaN,NaN,NaN,NaN,0.03,0.30,0.75,0.59,0.24,0.21,0.90,0.03,NaN,NaN,NaN,NaN,NaN,NaN,0.04,NaN,NaN,NaN,NaN,NaN,NaN,0.23,0.75,NaN,NaN,NaN,0.71,0.59,0.88,0.15,NaN,NaN,NaN,NaN,NaN,NaN,NaN,NaN,NaN,NaN,NaN,NaN,NaN,NaN,NaN,NaN,NaN,NaN,NaN,NaN,NaN,NaN,NaN,NaN,NaN,NaN,NaN,NaN,NaN,0.37,0.11,0.01,0.65,0.26,0.57,0.09,0.24,0.19,0.55,0.84,0.22,0.06,0.07,0.07,0.07,NaN,0.85,0.42,0.55,0.27,0.20,0.60,NaN,NaN,NaN,NaN,NaN,NaN,NaN,0.74,0.65,0.90,0.90,0.41,0.49,0.81,0.08,0.54,0.36,0.91,0.88,NaN,NaN
"2006Q2",NaN,NaN,NaN,NaN,NaN,NaN,NaN,NaN,0.29,0.91,0.90,0.08,0.78,0.73,NaN,NaN,NaN,NaN,NaN,NaN,NaN,NaN,NaN,NaN,NaN,NaN,NaN,NaN,NaN,NaN,0.02,0.45,0.55,0.30,0.07,0.61,0.69,0.39,0.60,0.56,0.17,NaN,NaN,NaN,NaN,NaN,NaN,NaN,NaN,NaN,NaN,NaN,NaN,NaN,NaN,NaN,NaN,NaN,NaN,NaN,0.52,0.53,0.75,0.03,NaN,NaN,NaN,NaN,NaN,NaN,0.70,NaN,NaN,NaN,NaN,NaN,NaN,NaN,NaN,NaN,NaN,NaN,NaN,0.18,0.01,0.50,NaN,NaN,NaN,NaN,NaN,NaN,NaN,NaN,0.89,0.90,0.44,0.63,0.55,0.95,0.68,0.93,0.68,0.23,0.50,0.28,0.74,0.45,NaN,NaN,NaN,NaN,NaN,NaN,0.79,0.53,0.97,0.28,0.70,0.06,0.71,0.75,0.83,0.90,0.10,0.11,0.26,0.95,0.40,0.95,0.35,0.04,0.89,0.63,0.31,0.35,0.93,0.51,0.66,0.40,0.91,0.21,0.60,NaN,NaN,NaN,0.17,0.76,0.66,0.64,1.00,0.64,0.64,0.09,0.13,0.05,0.65,0.46,0.70,NaN,NaN,NaN,NaN,NaN,NaN,0.84,0.60,0.95,0.84,0.03,0.21,0.17,0.39,0.26,NaN,NaN,0.33,0.25,0.94,NaN,NaN,0.79,0.68,0.44,0.92,0.30,0.63,0.70,0.11,NaN,NaN,NaN,NaN,NaN,NaN,NaN,NaN,NaN,NaN,NaN,NaN,0.55,0.16,0.11,NaN,0.54,0.42,0.03,NaN,NaN,NaN,0.88,0.14,0.44,0.86,0.99,0.62,0.59,0.10,0.21,0.51,0.07,0.03,0.66,NaN,NaN,NaN,NaN,NaN,NaN,NaN,NaN,0.45,NaN,NaN,NaN,0.04,0.89,0.71,0.63,0.91,0.98,0.98,0.95,0.20,0.93,0.01,0.93,NaN,NaN,NaN,0.55,0.91,0.44,NaN,NaN,NaN,NaN,NaN,NaN,0.16,0.34,0.53,NaN,NaN,NaN,NaN,NaN,NaN,0.50,0.90,NaN,NaN,NaN,NaN,NaN,NaN,NaN,NaN,NaN,NaN,0.73,0.66,0.65,0.21,0.56,0.62,NaN,NaN,NaN,NaN,NaN,0.68,0.30,0.83,0.94,0.14,0.03,0.25,0.87,NaN,NaN,NaN,NaN,NaN,NaN,NaN,NaN,NaN,NaN,NaN,NaN,NaN,0.28,0.31,NaN,NaN,NaN,NaN,NaN,NaN,NaN,NaN,NaN,NaN,NaN,NaN,NaN,NaN,NaN,NaN,NaN,NaN,NaN,NaN,NaN,NaN,NaN,NaN,NaN,NaN,NaN,NaN,NaN,NaN,NaN,NaN,NaN,NaN,NaN,NaN,0.40,0.88,0.89,0.41,0.73,0.12,1.00,0.76,0.70,0.66,0.63,0.08,0.94,0.58,0.55,0.19,NaN,0.18,0.73,0.05,0.95,0.02,0.11,NaN,NaN,NaN,NaN,NaN,NaN,NaN,0.10,0.92,0.78,0.31,0.24,0.45,0.45,0.41,0.54,0.81,0.42,0.66,NaN,NaN
"2006Q3",NaN,NaN,NaN,NaN,NaN,NaN,NaN,NaN,0.41,0.10,0.20,0.78,0.29,0.05,NaN,NaN,NaN,NaN,NaN,NaN,NaN,NaN,NaN,NaN,NaN,NaN,NaN,NaN,NaN,NaN,0.56,0.65,0.56,0.01,0.89,0.82,0.43,0.59,0.06,0.00,0.94,NaN,NaN,NaN,NaN,NaN,NaN,NaN,NaN,NaN,NaN,NaN,NaN,NaN,NaN,NaN,NaN,NaN,NaN,NaN,0.33,0.05,0.54,0.41,NaN,NaN,NaN,NaN,NaN,NaN,0.96,NaN,NaN,NaN,NaN,NaN,NaN,NaN,NaN,NaN,NaN,NaN,NaN,0.86,0.77,0.43,NaN,NaN,NaN,NaN,NaN,NaN,NaN,NaN,0.78,0.07,0.90,0.88,0.21,0.98,0.36,0.78,0.05,0.40,0.02,0.21,0.04,0.64,NaN,NaN,NaN,NaN,NaN,NaN,0.45,0.52,0.10,0.07,0.93,0.44,0.70,0.84,0.94,0.68,0.38,0.16,0.20,0.39,NaN,NaN,NaN,NaN,NaN,NaN,0.38,0.78,0.86,0.55,0.68,0.40,0.97,0.25,0.72,NaN,NaN,NaN,0.24,0.93,0.03,0.07,0.23,0.57,0.59,0.80,0.62,0.58,0.48,0.44,0.89,NaN,NaN,NaN,NaN,NaN,NaN,0.47,0.91,0.02,0.26,0.29,0.13,0.44,0.90,0.05,NaN,NaN,0.75,0.45,0.43,NaN,NaN,0.42,0.92,0.66,0.73,0.41,0.39,0.11,0.98,NaN,NaN,NaN,NaN,NaN,NaN,NaN,NaN,NaN,NaN,NaN,NaN,NaN,NaN,NaN,NaN,0.31,0.72,0.19,NaN,NaN,NaN,0.37,0.77,0.54,0.90,0.10,0.67,0.31,0.95,0.52,0.60,0.21,0.71,0.99,NaN,NaN,NaN,NaN,NaN,NaN,NaN,NaN,0.25,NaN,NaN,NaN,0.54,0.03,0.18,0.89,0.35,0.96,0.78,0.17,0.16,0.50,0.09,0.46,NaN,NaN,NaN,NaN,NaN,NaN,NaN,NaN,NaN,NaN,NaN,NaN,0.43,0.95,0.28,NaN,NaN,NaN,NaN,NaN,NaN,0.04,0.01,NaN,NaN,NaN,NaN,NaN,NaN,NaN,NaN,NaN,NaN,0.91,0.75,0.22,0.56,0.02,0.59,NaN,NaN,NaN,NaN,NaN,0.11,0.02,0.39,0.90,0.22,0.17,0.22,0.89,NaN,NaN,NaN,NaN,NaN,NaN,NaN,NaN,NaN,NaN,NaN,NaN,NaN,0.91,0.19,NaN,NaN,NaN,NaN,NaN,NaN,NaN,NaN,NaN,NaN,NaN,NaN,NaN,NaN,NaN,NaN,NaN,NaN,NaN,NaN,NaN,NaN,NaN,NaN,NaN,NaN,NaN,NaN,NaN,NaN,NaN,NaN,NaN,NaN,NaN,NaN,NaN,NaN,NaN,NaN,NaN,NaN,0.73,0.79,0.65,0.95,0.27,0.36,0.52,0.48,0.98,0.77,NaN,NaN,NaN,NaN,NaN,NaN,NaN,NaN,NaN,NaN,NaN,NaN,NaN,NaN,0.82,0.89,0.84,0.28,0.49,0.49,NaN,NaN,NaN,NaN,NaN,NaN,NaN,NaN
"2006Q4",NaN,NaN,NaN,NaN,NaN,NaN,NaN,NaN,0.46,0.75,0.09,0.91,0.69,0.07,NaN,NaN,NaN,NaN,NaN,NaN,NaN,NaN,NaN,NaN,NaN,NaN,NaN,NaN,NaN,NaN,0.30,0.52,0.40,0.54,0.06,0.53,0.84,0.46,0.06,0.77,0.59,NaN,NaN,NaN,NaN,NaN,NaN,NaN,NaN,NaN,NaN,NaN,NaN,NaN,NaN,NaN,NaN,NaN,NaN,NaN,NaN,NaN,NaN,NaN,NaN,NaN,NaN,NaN,NaN,NaN,0.44,NaN,NaN,NaN,NaN,NaN,NaN,NaN,NaN,NaN,NaN,NaN,NaN,0.58,0.76,0.61,NaN,NaN,NaN,NaN,NaN,NaN,NaN,NaN,0.07,0.34,0.35,0.66,0.59,0.03,0.99,0.69,0.80,0.70,0.05,0.44,0.95,0.13,NaN,NaN,NaN,NaN,NaN,NaN,NaN,NaN,0.55,0.75,0.69,0.08,0.01,0.17,0.40,0.66,0.26,0.36,0.61,0.58,NaN,NaN,NaN,NaN,NaN,NaN,NaN,NaN,NaN,NaN,NaN,NaN,NaN,NaN,NaN,NaN,NaN,NaN,NaN,NaN,NaN,NaN,NaN,NaN,NaN,NaN,NaN,0.84,0.07,0.45,0.06,NaN,NaN,NaN,NaN,NaN,NaN,0.55,0.68,0.11,0.51,0.08,0.52,0.63,0.68,0.25,NaN,NaN,0.84,0.53,0.03,NaN,NaN,0.53,0.26,0.29,0.30,0.24,0.01,NaN,NaN,NaN,NaN,NaN,NaN,NaN,NaN,NaN,NaN,NaN,NaN,NaN,NaN,NaN,NaN,NaN,NaN,0.16,0.07,0.94,NaN,NaN,NaN,0.77,0.32,0.13,0.35,0.31,0.04,0.90,0.00,0.23,0.16,0.72,0.17,0.94,NaN,NaN,NaN,NaN,NaN,NaN,NaN,NaN,0.96,NaN,NaN,NaN,0.74,0.14,0.99,0.67,0.94,0.67,NaN,NaN,NaN,NaN,NaN,NaN,NaN,NaN,NaN,NaN,NaN,NaN,NaN,NaN,NaN,NaN,NaN,NaN,0.04,0.75,0.83,NaN,NaN,NaN,NaN,NaN,NaN,0.56,0.13,NaN,NaN,NaN,NaN,NaN,NaN,NaN,NaN,NaN,NaN,0.09,0.81,0.12,0.66,0.79,0.67,NaN,NaN,NaN,NaN,NaN,0.20,0.18,0.10,0.61,0.82,0.30,0.24,0.50,NaN,NaN,NaN,NaN,NaN,NaN,NaN,NaN,NaN,NaN,NaN,NaN,NaN,0.23,0.98,NaN,NaN,NaN,NaN,NaN,NaN,NaN,NaN,NaN,NaN,NaN,NaN,NaN,NaN,NaN,NaN,NaN,NaN,NaN,NaN,NaN,NaN,NaN,NaN,NaN,NaN,NaN,NaN,NaN,NaN,NaN,NaN,NaN,NaN,NaN,NaN,NaN,NaN,NaN,NaN,NaN,NaN,0.56,0.39,0.33,0.22,0.51,0.73,0.15,0.66,0.16,0.90,NaN,NaN,NaN,NaN,NaN,NaN,NaN,NaN,NaN,NaN,NaN,NaN,NaN,NaN,0.23,1.00,0.32,0.01,0.81,0.17,NaN,NaN,NaN,NaN,NaN,NaN,NaN,NaN
"2007Q1",NaN,NaN,NaN,NaN,NaN,NaN,NaN,NaN,0.76,0.74,0.31,0.53,0.56,0.09,NaN,NaN,NaN,NaN,NaN,NaN,NaN,NaN,NaN,NaN,NaN,NaN,NaN,NaN,NaN,NaN,0.94,0.37,0.40,0.10,0.44,0.20,0.73,0.05,0.15,0.85,0.44,NaN,NaN,NaN,NaN,NaN,NaN,NaN,NaN,NaN,NaN,NaN,NaN,NaN,NaN,NaN,NaN,NaN,NaN,NaN,NaN,NaN,NaN,NaN,NaN,NaN,NaN,NaN,NaN,NaN,0.09,NaN,NaN,NaN,NaN,NaN,NaN,NaN,NaN,NaN,NaN,NaN,NaN,0.37,0.42,0.86,NaN,NaN,NaN,NaN,NaN,NaN,NaN,NaN,NaN,NaN,NaN,NaN,0.14,0.49,0.08,0.47,0.68,0.06,0.14,0.03,0.74,0.45,NaN,NaN,NaN,NaN,NaN,NaN,NaN,NaN,0.40,0.83,0.57,0.56,0.37,0.90,0.05,0.99,0.24,0.85,0.82,0.61,NaN,NaN,NaN,NaN,NaN,NaN,NaN,NaN,NaN,NaN,NaN,NaN,NaN,NaN,NaN,NaN,NaN,NaN,NaN,NaN,NaN,NaN,NaN,NaN,NaN,NaN,NaN,0.50,0.90,0.95,0.10,NaN,NaN,NaN,NaN,NaN,NaN,NaN,NaN,NaN,NaN,NaN,NaN,NaN,NaN,NaN,NaN,NaN,NaN,NaN,NaN,NaN,NaN,0.93,0.89,0.95,0.50,0.20,0.55,NaN,NaN,NaN,NaN,NaN,NaN,NaN,NaN,NaN,NaN,NaN,NaN,NaN,NaN,NaN,NaN,NaN,NaN,0.15,0.59,0.95,NaN,NaN,NaN,0.17,0.25,0.54,0.49,0.79,0.00,0.09,0.30,0.57,0.64,0.58,0.59,0.35,NaN,NaN,NaN,NaN,NaN,NaN,NaN,NaN,0.14,NaN,NaN,NaN,NaN,NaN,NaN,NaN,NaN,NaN,NaN,NaN,NaN,NaN,NaN,NaN,NaN,NaN,NaN,NaN,NaN,NaN,NaN,NaN,NaN,NaN,NaN,NaN,NaN,NaN,NaN,NaN,NaN,NaN,NaN,NaN,NaN,0.05,0.39,NaN,NaN,NaN,NaN,NaN,NaN,NaN,NaN,NaN,NaN,0.52,0.05,0.04,0.94,0.27,0.27,NaN,NaN,NaN,NaN,NaN,0.53,0.86,0.27,0.79,0.38,0.96,0.81,0.21,NaN,NaN,NaN,NaN,NaN,NaN,NaN,NaN,NaN,NaN,NaN,NaN,NaN,0.25,0.71,NaN,NaN,NaN,NaN,NaN,NaN,NaN,NaN,NaN,NaN,NaN,NaN,NaN,NaN,NaN,NaN,NaN,NaN,NaN,NaN,NaN,NaN,NaN,NaN,NaN,NaN,NaN,NaN,NaN,NaN,NaN,NaN,NaN,NaN,NaN,NaN,NaN,NaN,NaN,NaN,NaN,NaN,0.14,0.32,0.52,0.98,0.89,0.60,0.65,0.79,0.16,0.52,NaN,NaN,NaN,NaN,NaN,NaN,NaN,NaN,NaN,NaN,NaN,NaN,NaN,NaN,0.11,0.07,0.74,0.50,0.38,0.36,NaN,NaN,NaN,NaN,NaN,NaN,NaN,NaN
"2007Q2",NaN,NaN,NaN,NaN,NaN,NaN,NaN,NaN,0.82,0.56,0.46,0.11,0.40,0.80,NaN,NaN,NaN,NaN,NaN,NaN,NaN,NaN,NaN,NaN,NaN,NaN,NaN,NaN,NaN,NaN,NaN,NaN,NaN,NaN,NaN,NaN,NaN,NaN,NaN,NaN,NaN,NaN,NaN,NaN,NaN,NaN,NaN,NaN,NaN,NaN,NaN,NaN,NaN,NaN,NaN,NaN,NaN,NaN,NaN,NaN,NaN,NaN,NaN,NaN,NaN,NaN,NaN,NaN,NaN,NaN,0.06,NaN,NaN,NaN,NaN,NaN,NaN,NaN,NaN,NaN,NaN,NaN,NaN,NaN,NaN,NaN,NaN,NaN,NaN,NaN,NaN,NaN,NaN,NaN,NaN,NaN,NaN,NaN,0.05,0.86,0.25,0.26,NaN,NaN,NaN,NaN,NaN,NaN,NaN,NaN,NaN,NaN,NaN,NaN,NaN,NaN,0.11,0.92,0.38,0.54,0.90,0.11,0.57,0.03,0.62,0.58,0.81,0.71,NaN,NaN,NaN,NaN,NaN,NaN,NaN,NaN,NaN,NaN,NaN,NaN,NaN,NaN,NaN,NaN,NaN,NaN,NaN,NaN,NaN,NaN,NaN,NaN,NaN,NaN,NaN,0.44,0.50,0.22,0.65,NaN,NaN,NaN,NaN,NaN,NaN,NaN,NaN,NaN,NaN,NaN,NaN,NaN,NaN,NaN,NaN,NaN,NaN,NaN,NaN,NaN,NaN,0.90,0.92,0.69,0.26,0.71,0.51,NaN,NaN,NaN,NaN,NaN,NaN,NaN,NaN,NaN,NaN,NaN,NaN,NaN,NaN,NaN,NaN,NaN,NaN,0.14,0.86,0.45,NaN,NaN,NaN,0.52,0.20,0.86,0.68,0.60,0.14,0.32,0.05,1.00,0.84,0.20,0.61,0.19,NaN,NaN,NaN,NaN,NaN,NaN,NaN,NaN,0.51,NaN,NaN,NaN,NaN,NaN,NaN,NaN,NaN,NaN,NaN,NaN,NaN,NaN,NaN,NaN,NaN,NaN,NaN,NaN,NaN,NaN,NaN,NaN,NaN,NaN,NaN,NaN,NaN,NaN,NaN,NaN,NaN,NaN,NaN,NaN,NaN,0.87,0.84,NaN,NaN,NaN,NaN,NaN,NaN,NaN,NaN,NaN,NaN,NaN,NaN,NaN,NaN,NaN,NaN,NaN,NaN,NaN,NaN,NaN,0.63,0.66,0.79,0.84,0.67,0.78,NaN,NaN,NaN,NaN,NaN,NaN,NaN,NaN,NaN,NaN,NaN,NaN,NaN,NaN,NaN,0.68,0.83,NaN,NaN,NaN,NaN,NaN,NaN,NaN,NaN,NaN,NaN,NaN,NaN,NaN,NaN,NaN,NaN,NaN,NaN,NaN,NaN,NaN,NaN,NaN,NaN,NaN,NaN,NaN,NaN,NaN,NaN,NaN,NaN,NaN,NaN,NaN,NaN,NaN,NaN,NaN,NaN,NaN,NaN,0.84,0.48,0.02,0.17,0.17,0.45,NaN,NaN,NaN,NaN,NaN,NaN,NaN,NaN,NaN,NaN,NaN,NaN,NaN,NaN,NaN,NaN,NaN,NaN,0.66,0.13,0.66,0.99,0.52,0.88,NaN,NaN,NaN,NaN,NaN,NaN,NaN,NaN
"2007Q3",NaN,NaN,NaN,NaN,NaN,NaN,NaN,NaN,NaN,NaN,NaN,NaN,NaN,NaN,NaN,NaN,NaN,NaN,NaN,NaN,NaN,NaN,NaN,NaN,NaN,NaN,NaN,NaN,NaN,NaN,NaN,NaN,NaN,NaN,NaN,NaN,NaN,NaN,NaN,NaN,NaN,NaN,NaN,NaN,NaN,NaN,NaN,NaN,NaN,NaN,NaN,NaN,NaN,NaN,NaN,NaN,NaN,NaN,NaN,NaN,NaN,NaN,NaN,NaN,NaN,NaN,NaN,NaN,NaN,NaN,0.63,NaN,NaN,NaN,NaN,NaN,NaN,NaN,NaN,NaN,NaN,NaN,NaN,NaN,NaN,NaN,NaN,NaN,NaN,NaN,NaN,NaN,NaN,NaN,NaN,NaN,NaN,NaN,NaN,NaN,NaN,NaN,NaN,NaN,NaN,NaN,NaN,NaN,NaN,NaN,NaN,NaN,NaN,NaN,NaN,NaN,0.72,0.33,0.63,0.77,0.32,0.75,0.75,0.42,0.52,0.59,0.80,0.40,NaN,NaN,NaN,NaN,NaN,NaN,NaN,NaN,NaN,NaN,NaN,NaN,NaN,NaN,NaN,NaN,NaN,NaN,NaN,NaN,NaN,NaN,NaN,NaN,NaN,NaN,NaN,NaN,NaN,NaN,NaN,NaN,NaN,NaN,NaN,NaN,NaN,NaN,NaN,NaN,NaN,NaN,NaN,NaN,NaN,NaN,NaN,NaN,NaN,NaN,NaN,NaN,NaN,0.54,0.30,0.21,0.73,0.18,0.25,NaN,NaN,NaN,NaN,NaN,NaN,NaN,NaN,NaN,NaN,NaN,NaN,NaN,NaN,NaN,NaN,NaN,NaN,0.71,0.45,0.81,NaN,NaN,NaN,0.63,0.07,0.20,0.70,0.47,0.86,0.89,0.44,0.13,NaN,NaN,NaN,NaN,NaN,NaN,NaN,NaN,NaN,NaN,NaN,NaN,NaN,NaN,NaN,NaN,NaN,NaN,NaN,NaN,NaN,NaN,NaN,NaN,NaN,NaN,NaN,NaN,NaN,NaN,NaN,NaN,NaN,NaN,NaN,NaN,NaN,NaN,NaN,NaN,NaN,NaN,NaN,NaN,NaN,NaN,NaN,NaN,NaN,0.86,0.21,NaN,NaN,NaN,NaN,NaN,NaN,NaN,NaN,NaN,NaN,NaN,NaN,NaN,NaN,NaN,NaN,NaN,NaN,NaN,NaN,NaN,NaN,NaN,NaN,0.56,0.94,0.67,NaN,NaN,NaN,NaN,NaN,NaN,NaN,NaN,NaN,NaN,NaN,NaN,NaN,NaN,NaN,NaN,NaN,NaN,NaN,NaN,NaN,NaN,NaN,NaN,NaN,NaN,NaN,NaN,NaN,NaN,NaN,NaN,NaN,NaN,NaN,NaN,NaN,NaN,NaN,NaN,NaN,NaN,NaN,NaN,NaN,NaN,NaN,NaN,NaN,NaN,NaN,NaN,NaN,NaN,NaN,NaN,NaN,NaN,NaN,NaN,NaN,NaN,NaN,NaN,NaN,NaN,NaN,NaN,NaN,NaN,NaN,NaN,NaN,NaN,NaN,NaN,NaN,NaN,NaN,NaN,NaN,NaN,NaN,0.95,0.98,0.29,0.74,0.09,0.74,NaN,NaN,NaN,NaN,NaN,NaN,NaN,NaN
"2007Q4",NaN,NaN,NaN,NaN,NaN,NaN,NaN,NaN,NaN,NaN,NaN,NaN,NaN,NaN,NaN,NaN,NaN,NaN,NaN,NaN,NaN,NaN,NaN,NaN,NaN,NaN,NaN,NaN,NaN,NaN,NaN,NaN,NaN,NaN,NaN,NaN,NaN,NaN,NaN,NaN,NaN,NaN,NaN,NaN,NaN,NaN,NaN,NaN,NaN,NaN,NaN,NaN,NaN,NaN,NaN,NaN,NaN,NaN,NaN,NaN,NaN,NaN,NaN,NaN,NaN,NaN,NaN,NaN,NaN,NaN,NaN,NaN,NaN,NaN,NaN,NaN,NaN,NaN,NaN,NaN,NaN,NaN,NaN,NaN,NaN,NaN,NaN,NaN,NaN,NaN,NaN,NaN,NaN,NaN,NaN,NaN,NaN,NaN,NaN,NaN,NaN,NaN,NaN,NaN,NaN,NaN,NaN,NaN,NaN,NaN,NaN,NaN,NaN,NaN,NaN,NaN,NaN,NaN,NaN,NaN,NaN,NaN,NaN,NaN,NaN,NaN,NaN,NaN,NaN,NaN,NaN,NaN,NaN,NaN,NaN,NaN,NaN,NaN,NaN,NaN,NaN,NaN,NaN,NaN,NaN,NaN,NaN,NaN,NaN,NaN,NaN,NaN,NaN,NaN,NaN,NaN,NaN,NaN,NaN,NaN,NaN,NaN,NaN,NaN,NaN,NaN,NaN,NaN,NaN,NaN,NaN,NaN,NaN,NaN,NaN,NaN,NaN,NaN,NaN,NaN,NaN,0.90,0.07,0.55,0.12,0.52,0.05,NaN,NaN,NaN,NaN,NaN,NaN,NaN,NaN,NaN,NaN,NaN,NaN,NaN,NaN,NaN,NaN,NaN,NaN,NaN,NaN,NaN,NaN,NaN,NaN,NaN,NaN,NaN,NaN,NaN,NaN,NaN,NaN,NaN,NaN,NaN,NaN,NaN,NaN,NaN,NaN,NaN,NaN,NaN,NaN,NaN,NaN,NaN,NaN,NaN,NaN,NaN,NaN,NaN,NaN,NaN,NaN,NaN,NaN,NaN,NaN,NaN,NaN,NaN,NaN,NaN,NaN,NaN,NaN,NaN,NaN,NaN,NaN,NaN,NaN,NaN,NaN,NaN,NaN,NaN,NaN,NaN,NaN,0.34,0.94,NaN,NaN,NaN,NaN,NaN,NaN,NaN,NaN,NaN,NaN,NaN,NaN,NaN,NaN,NaN,NaN,NaN,NaN,NaN,NaN,NaN,NaN,NaN,NaN,NaN,NaN,NaN,NaN,NaN,NaN,NaN,NaN,NaN,NaN,NaN,NaN,NaN,NaN,NaN,NaN,NaN,NaN,NaN,NaN,NaN,NaN,NaN,NaN,NaN,NaN,NaN,NaN,NaN,NaN,NaN,NaN,NaN,NaN,NaN,NaN,NaN,NaN,NaN,NaN,NaN,NaN,NaN,NaN,NaN,NaN,NaN,NaN,NaN,NaN,NaN,NaN,NaN,NaN,NaN,NaN,NaN,NaN,NaN,NaN,NaN,NaN,NaN,NaN,NaN,NaN,NaN,NaN,NaN,NaN,NaN,NaN,NaN,NaN,NaN,NaN,NaN,NaN,NaN,NaN,NaN,NaN,NaN,NaN,NaN,NaN,0.81,0.09,0.34,0.31,0.91,0.42,NaN,NaN,NaN,NaN,NaN,NaN,NaN,NaN
"2008Q1",NaN,NaN,NaN,NaN,NaN,NaN,NaN,NaN,NaN,NaN,NaN,NaN,NaN,NaN,NaN,NaN,NaN,NaN,NaN,NaN,NaN,NaN,NaN,NaN,NaN,NaN,NaN,NaN,NaN,NaN,NaN,NaN,NaN,NaN,NaN,NaN,NaN,NaN,NaN,NaN,NaN,NaN,NaN,NaN,NaN,NaN,NaN,NaN,NaN,NaN,NaN,NaN,NaN,NaN,NaN,NaN,NaN,NaN,NaN,NaN,NaN,NaN,NaN,NaN,NaN,NaN,NaN,NaN,NaN,NaN,NaN,NaN,NaN,NaN,NaN,NaN,NaN,NaN,NaN,NaN,NaN,NaN,NaN,NaN,NaN,NaN,NaN,NaN,NaN,NaN,NaN,NaN,NaN,NaN,NaN,NaN,NaN,NaN,NaN,NaN,NaN,NaN,NaN,NaN,NaN,NaN,NaN,NaN,NaN,NaN,NaN,NaN,NaN,NaN,NaN,NaN,NaN,NaN,NaN,NaN,NaN,NaN,NaN,NaN,NaN,NaN,NaN,NaN,NaN,NaN,NaN,NaN,NaN,NaN,NaN,NaN,NaN,NaN,NaN,NaN,NaN,NaN,NaN,NaN,NaN,NaN,NaN,NaN,NaN,NaN,NaN,NaN,NaN,NaN,NaN,NaN,NaN,NaN,NaN,NaN,NaN,NaN,NaN,NaN,NaN,NaN,NaN,NaN,NaN,NaN,NaN,NaN,NaN,NaN,NaN,NaN,NaN,NaN,NaN,NaN,NaN,NaN,NaN,NaN,NaN,NaN,NaN,NaN,NaN,NaN,NaN,NaN,NaN,NaN,NaN,NaN,NaN,NaN,NaN,NaN,NaN,NaN,NaN,NaN,NaN,NaN,NaN,NaN,NaN,NaN,NaN,NaN,NaN,NaN,NaN,NaN,NaN,NaN,NaN,NaN,NaN,NaN,NaN,NaN,NaN,NaN,NaN,NaN,NaN,NaN,NaN,NaN,NaN,NaN,NaN,NaN,NaN,NaN,NaN,NaN,NaN,NaN,NaN,NaN,NaN,NaN,NaN,NaN,NaN,NaN,NaN,NaN,NaN,NaN,NaN,NaN,NaN,NaN,NaN,NaN,NaN,NaN,NaN,NaN,NaN,NaN,NaN,NaN,NaN,0.97,0.97,NaN,NaN,NaN,NaN,NaN,NaN,NaN,NaN,NaN,NaN,NaN,NaN,NaN,NaN,NaN,NaN,NaN,NaN,NaN,NaN,NaN,NaN,NaN,NaN,NaN,NaN,NaN,NaN,NaN,NaN,NaN,NaN,NaN,NaN,NaN,NaN,NaN,NaN,NaN,NaN,NaN,NaN,NaN,NaN,NaN,NaN,NaN,NaN,NaN,NaN,NaN,NaN,NaN,NaN,NaN,NaN,NaN,NaN,NaN,NaN,NaN,NaN,NaN,NaN,NaN,NaN,NaN,NaN,NaN,NaN,NaN,NaN,NaN,NaN,NaN,NaN,NaN,NaN,NaN,NaN,NaN,NaN,NaN,NaN,NaN,NaN,NaN,NaN,NaN,NaN,NaN,NaN,NaN,NaN,NaN,NaN,NaN,NaN,NaN,NaN,NaN,NaN,NaN,NaN,NaN,NaN,NaN,NaN,NaN,NaN,NaN,NaN,NaN,NaN,NaN,NaN,NaN,NaN,NaN,NaN,NaN,NaN,NaN,NaN
"2008Q2",NaN,NaN,NaN,NaN,NaN,NaN,NaN,NaN,NaN,NaN,NaN,NaN,NaN,NaN,NaN,NaN,NaN,NaN,NaN,NaN,NaN,NaN,NaN,NaN,NaN,NaN,NaN,NaN,NaN,NaN,NaN,NaN,NaN,NaN,NaN,NaN,NaN,NaN,NaN,NaN,NaN,NaN,NaN,NaN,NaN,NaN,NaN,NaN,NaN,NaN,NaN,NaN,NaN,NaN,NaN,NaN,NaN,NaN,NaN,NaN,NaN,NaN,NaN,NaN,NaN,NaN,NaN,NaN,NaN,NaN,NaN,NaN,NaN,NaN,NaN,NaN,NaN,NaN,NaN,NaN,NaN,NaN,NaN,NaN,NaN,NaN,NaN,NaN,NaN,NaN,NaN,NaN,NaN,NaN,NaN,NaN,NaN,NaN,NaN,NaN,NaN,NaN,NaN,NaN,NaN,NaN,NaN,NaN,NaN,NaN,NaN,NaN,NaN,NaN,NaN,NaN,NaN,NaN,NaN,NaN,NaN,NaN,NaN,NaN,NaN,NaN,NaN,NaN,NaN,NaN,NaN,NaN,NaN,NaN,NaN,NaN,NaN,NaN,NaN,NaN,NaN,NaN,NaN,NaN,NaN,NaN,NaN,NaN,NaN,NaN,NaN,NaN,NaN,NaN,NaN,NaN,NaN,NaN,NaN,NaN,NaN,NaN,NaN,NaN,NaN,NaN,NaN,NaN,NaN,NaN,NaN,NaN,NaN,NaN,NaN,NaN,NaN,NaN,NaN,NaN,NaN,NaN,NaN,NaN,NaN,NaN,NaN,NaN,NaN,NaN,NaN,NaN,NaN,NaN,NaN,NaN,NaN,NaN,NaN,NaN,NaN,NaN,NaN,NaN,NaN,NaN,NaN,NaN,NaN,NaN,NaN,NaN,NaN,NaN,NaN,NaN,NaN,NaN,NaN,NaN,NaN,NaN,NaN,NaN,NaN,NaN,NaN,NaN,NaN,NaN,NaN,NaN,NaN,NaN,NaN,NaN,NaN,NaN,NaN,NaN,NaN,NaN,NaN,NaN,NaN,NaN,NaN,NaN,NaN,NaN,NaN,NaN,NaN,NaN,NaN,NaN,NaN,NaN,NaN,NaN,NaN,NaN,NaN,NaN,NaN,NaN,NaN,NaN,NaN,0.95,0.38,NaN,NaN,NaN,NaN,NaN,NaN,NaN,NaN,NaN,NaN,NaN,NaN,NaN,NaN,NaN,NaN,NaN,NaN,NaN,NaN,NaN,NaN,NaN,NaN,NaN,NaN,NaN,NaN,NaN,NaN,NaN,NaN,NaN,NaN,NaN,NaN,NaN,NaN,NaN,NaN,NaN,NaN,NaN,NaN,NaN,NaN,NaN,NaN,NaN,NaN,NaN,NaN,NaN,NaN,NaN,NaN,NaN,NaN,NaN,NaN,NaN,NaN,NaN,NaN,NaN,NaN,NaN,NaN,NaN,NaN,NaN,NaN,NaN,NaN,NaN,NaN,NaN,NaN,NaN,NaN,NaN,NaN,NaN,NaN,NaN,NaN,NaN,NaN,NaN,NaN,NaN,NaN,NaN,NaN,NaN,NaN,NaN,NaN,NaN,NaN,NaN,NaN,NaN,NaN,NaN,NaN,NaN,NaN,NaN,NaN,NaN,NaN,NaN,NaN,NaN,NaN,NaN,NaN,NaN,NaN,NaN,NaN,NaN,NaN